joint,dist_15,dist_22_aligned,orient_15,orient_22,depth_15,depth_22,growth,match_cost
2640.0,9452.13,9452.291914079007,283.0,271.5,16.0,19.0,3.0,0.41612571829372813
2640.0,9452.84,9452.822356860504,49.0,36.5,13.0,19.0,6.0,0.4170400358267489
2640.0,9453.04,9452.97795340974,89.0,70.0,13.0,20.0,7.0,0.636365374980559
2640.0,9458.19,9458.195489645228,243.5,233.5,17.0,29.0,12.0,0.33337853457569117
2640.0,9458.78,9458.811813638962,242.50000000000003,232.5,30.0,28.0,-2.0,0.33484805320485594
2640.0,9459.51,9459.534226188996,237.0,227.5,23.0,29.0,6.0,0.31759201188168584
2640.0,9459.88,9459.932310866916,157.0,144.0,35.0,50.0,15.0,0.43647932892103725
2640.0,9460.01,9460.087907416157,181.0,166.0,39.0,36.0,-3.0,0.5060331663954194
2940.0,10515.15,10514.96953401724,134.0,131.5,10.0,18.0,8.0,0.19877730096207133
2960.0,10595.34,10595.334129267025,196.0,199.5,13.0,23.0,10.0,0.1168142825889859
2960.0,10595.48,10593.901508032774,192.5,191.0,35.0,24.0,-11.0,1.5792836637529712
2960.0,10595.49,10595.500273535165,113.5,119.5,50.0,27.0,-23.0,0.20026368998093808
3010.0,10756.35,10756.179902577633,119.0,115.5,10.0,15.0,5.0,0.206262561332015
3430.0,12427.16,12427.417730110374,237.0,211.5,16.0,17.0,1.0,0.888214394047574
3630.0,13155.91,13155.950297158268,100.0,106.5,12.0,21.0,9.0,0.22038218033434748
3630.0,13155.93,13155.379097537832,213.5,192.0,24.0,22.0,-2.0,0.9039384016257581
3750.0,13645.56,13645.432554790726,110.0,110.0,11.0,18.0,7.0,0.12744520927299163
3750.0,13645.75,13645.789298995172,159.5,144.5,16.0,21.0,5.0,0.5015420331553107
3810.0,13852.54,13853.220126355587,48.0,285.5,10.0,17.0,7.0,7.945828022973702
3810.0,13853.79,13853.999494577654,44.0,227.0,14.0,13.0,-1.0,6.10359631512981
3810.0,13853.93,13854.028433986668,318.0,296.5,14.0,21.0,7.0,0.7233950240653446
3850.0,14002.02,14002.036116384235,202.5,182.0,12.0,16.0,4.0,0.6835233589902048
4080.0,14751.62,14751.760958518866,290.5,283.0,29.0,44.0,15.0,0.28700052968692596
4080.0,14751.84,14752.599905922529,290.0,285.0,29.0,23.0,-6.0,0.7779683726680406
4080.0,14753.1,14753.413070072653,77.5,61.49999999999999,19.0,32.0,13.0,0.6184313339692847
4080.0,14753.65,14756.24030298972,78.0,65.5,22.0,18.0,-4.0,2.6236007107910155
4080.0,14753.91,14755.203022866515,69.5,63.5,12.0,14.0,2.0,1.3083990726578225
4080.0,14754.98,14754.623891325456,294.0,291.0,12.0,18.0,6.0,0.36988293835323005
4080.0,14757.57,14757.857706317587,284.5,245.0,11.0,17.0,6.0,1.347733666675591
4140.0,14909.43,14908.73632006668,71.0,66.5,11.0,14.0,3.0,0.7097125121417556
4150.0,14932.19,14933.324735704167,39.0,294.5,27.0,16.0,-11.0,8.591928551228882
4150.0,14934.69,14934.090296230026,383.5,372.0,14.0,14.0,0.0,0.7117506980439146
4150.0,14945.33,14944.937394070428,39.0,380.0,44.0,26.0,-18.0,11.373444971821248
4160.0,14960.09,14959.288799894262,202.5,175.0,19.0,16.0,-3.0,1.217456113053746
4160.0,14960.67,14960.47781919112,143.0,132.5,10.0,25.0,15.0,0.3992912011328767
4160.01,14966.55,14966.720590551184,173.5,175.5,13.0,26.0,13.0,0.1831545265557277
4160.01,14967.49,14967.1554031226,150.5,120.5,19.0,25.0,6.0,1.0544928024246154
4160.02,14968.31,14968.10578704889,126.0,114.0,15.0,20.0,5.0,0.4491134927845008
4190.0,14972.17,14972.951814102076,171.5,169.0,40.0,12.0,-28.0,0.7862427962465603
4190.0,14972.35,14972.058909649348,90.5,98.0,11.0,22.0,11.0,0.38371029728571576
4190.0,14974.26,14974.0498775386,113.5,184.5,10.0,14.0,4.0,2.3759761278042815
4200.0,15015.82,15015.530167597766,57.49999999999999,34.0,15.0,15.0,0.0,0.8352328612402417
4200.0,15024.47,15024.511709497208,159.5,146.0,11.0,17.0,6.0,0.4519288463435685
4200.0,15024.48,15024.485854748604,91.0,102.5,10.0,17.0,7.0,0.3833780412669231
4200.0,15024.49,15024.521653631286,238.0,226.5,10.0,15.0,5.0,0.38463800750578203
4210.0,15026.16,15026.082237798935,389.5,371.0,11.0,22.0,11.0,0.6215502696421182
4210.0,15049.79,15046.54488317465,262.5,232.5,13.0,17.0,4.0,3.3957006950216426
4210.0,15052.42,15047.92032985981,262.0,223.0,10.0,13.0,3.0,4.683698471349608
4210.0,15053.37,15048.730592997976,264.5,240.50000000000003,17.0,27.0,10.0,4.707876095485055
4210.0,15053.89,15052.484812204812,265.0,234.0,13.0,41.0,28.0,1.7442277711132708
4210.0,15055.67,15057.611477122224,242.50000000000003,95.5,23.0,23.0,0.0,5.27061034569222
4210.0,15056.04,15058.523773396304,266.0,256.0,13.0,31.0,18.0,2.5060409803701127
4210.0,15059.49,15061.39270510033,270.0,281.5,17.0,24.0,7.0,1.9409356360445975
4210.0,15061.44,15062.656115400954,297.0,276.5,15.0,15.0,0.0,1.394948426602603
4220.0,15069.47,15068.019563682468,116.5,251.5,23.0,14.0,-9.0,4.727976894107358
4220.0,15069.74,15068.58596797852,116.5,265.5,10.0,12.0,2.0,5.098977121381962
4220.0,15073.61,15069.469478905105,155.0,106.5,10.0,32.0,22.0,4.444943874605182
4220.0,15073.85,15073.68659821495,156.0,153.5,19.0,29.0,10.0,0.1834246106770343
4220.0,15074.02,15072.22371951371,166.5,256.0,20.0,13.0,-7.0,3.4823700784390135
4220.0,15074.18,15075.449631305471,170.0,288.0,26.0,16.0,-10.0,4.133167642734032
4220.0,15076.11,15073.993732938863,381.0,351.5,10.0,12.0,2.0,2.333566094735673
4220.0,15076.28,15075.77371827064,368.5,356.5,20.0,34.0,14.0,0.6452295633988571
4220.0,15086.08,15086.056748377792,127.0,107.5,12.0,21.0,9.0,0.6504157423796634
4220.0,15086.22,15086.386818486932,93.5,55.5,22.0,32.0,10.0,1.2776043409549012
4220.0,15092.78,15092.730945478954,247.5,232.5,41.0,40.0,-1.0,0.5024005832352669
4220.0,15092.97,15092.567406210375,238.5,190.5,11.0,16.0,5.0,1.649873255569597
4220.0,15093.89,15093.260453720506,189.5,186.5,10.0,13.0,3.0,0.637439030828716
4220.0,15098.86,15100.585816323994,268.5,189.5,13.0,16.0,3.0,3.1484736664938704
4230.0,15106.27,15106.281327265926,351.5,328.0,14.0,23.0,9.0,0.7834152271078587
4240.0,15184.5,15184.380349109768,70.5,59.0,11.0,22.0,11.0,0.4015728825229498
4240.0,15184.5,15184.063713031768,128.0,127.0,10.0,23.0,13.0,0.43755848724485374
4240.0,15184.54,15186.795266639934,154.0,384.5,24.0,10.0,-14.0,8.007486417616157
4250.0,15186.2,15186.21073977546,95.0,79.5,10.0,18.0,8.0,0.5167782766539013
4260.0,15263.79,15263.632380639288,232.5,229.5,14.0,19.0,5.0,0.18666510887526164
4270.0,15275.43,15275.023772652388,80.5,84.0,12.0,14.0,2.0,0.422648517161712
4270.0,15275.44,15274.928088962108,98.5,142.0,18.0,15.0,-3.0,1.5377102817879806
4270.0,15275.45,15274.337042833607,240.50000000000003,237.0,17.0,16.0,-1.0,1.1190553003927866
4340.0,15366.08,15365.49104060914,86.5,61.0,12.0,16.0,4.0,1.034105006313049
4340.0,15366.08,15365.627360406092,122.5,113.5,15.0,14.0,-1.0,0.5430309401622389
4360.0,15377.43,15377.504762343868,302.0,320.0,11.0,15.0,4.0,0.6046398994943584
4360.0,15377.59,15377.754601391563,150.5,157.0,19.0,25.0,6.0,0.2720993615373466
4410.0,15505.12,15504.80808859435,87.0,92.0,13.0,16.0,3.0,0.3536474271833413
4430.0,15585.19,15585.224682785492,146.5,147.0,21.0,22.0,1.0,0.038479519062153335
4540.0,16038.87,16039.00167885754,222.5,223.0,13.0,18.0,5.0,0.1327294213822265
4620.0,16377.71,16377.636125109031,142.0,135.0,11.0,21.0,10.0,0.24474873638075914
4640.0,16458.49,16458.387275329133,169.5,160.5,12.0,17.0,5.0,0.31709991801506077
4650.0,16460.62,16460.02142867868,208.5,208.0,36.0,25.0,-11.0,0.5988033103481578
4660.0,16532.64,16531.26270579458,198.0,158.0,12.0,20.0,8.0,1.9169551653760177
4660.0,16538.55,16538.42805023626,207.5,192.0,11.0,19.0,8.0,0.530863625915864
4660.0,16538.65,16538.535754787365,121.0,99.0,12.0,14.0,2.0,0.7421790527818914
4660.0,16538.67,16538.581628948024,301.5,287.5,35.0,24.0,-11.0,0.47496023055065933
4680.0,16618.79,16618.73614107884,160.0,134.0,12.0,21.0,9.0,0.8683385828694578
4690.0,16620.54,16618.638547717845,225.0,210.5,13.0,20.0,7.0,1.961920460270572
4690.0,16620.54,16620.46519111222,208.0,207.5,10.0,15.0,5.0,0.07664298708153858
4700.0,16699.09,16699.04614167744,246.5,233.0,13.0,24.0,11.0,0.45213222895261496
4700.0,16699.09,16700.045199620246,178.0,126.0,13.0,34.0,21.0,1.9791035240641341
4700.0,16699.1,16699.141917222165,128.5,109.5,17.0,23.0,6.0,0.6347189650745094
4710.0,16700.78,16699.20975823301,106.5,49.99999999999999,22.0,15.0,-7.0,2.4520611026728836
4710.0,16700.8,16700.564416129513,147.0,137.0,45.0,29.0,-16.0,0.40817994946389496
4710.0,16700.81,16700.735817718483,68.5,53.0,12.0,22.0,10.0,0.5219649943584924
4730.0,16780.45,16780.42055770817,121.0,152.0,10.0,14.0,4.0,1.0337526910852564
4730.0,16780.77,16779.45449386274,110.0,101.5,13.0,20.0,7.0,1.3456723876732992
5100.0,18203.62,18203.41988554367,178.0,161.0,12.0,23.0,11.0,0.6009633156383449
5120.0,18213.52,18213.505461388904,152.0,165.0,10.0,25.0,15.0,0.43357715459925344
5180.0,18453.36,18453.323824322302,198.0,181.0,23.0,42.0,19.0,0.5678202098975035
5660.0,20363.82,20363.87110398489,218.5,203.5,25.0,32.0,7.0,0.5026048321212349
5680.0,20442.48,20442.3783537856,177.0,157.5,19.0,20.0,1.0,0.6578996526080645
5840.0,21048.9,21048.96653415841,185.5,190.5,25.0,25.0,0.0,0.1794563234135098
5920.0,21311.75,21311.5678702872,163.5,217.5,11.0,23.0,12.0,1.8091907672450982
5920.0,21311.84,21311.8614821754,272.0,272.0,24.0,23.0,-1.0,0.021482175401615677
5920.0,21311.86,21311.749581141088,135.0,130.0,14.0,37.0,23.0,0.19992524148117502
5920.0,21311.92,21311.870721710344,160.5,254.0,26.0,20.0,-6.0,3.1170562171610547
5920.0,21336.97,21337.798909991536,191.5,203.5,24.0,41.0,17.0,0.9203758873774849
5950.0,21468.58,21472.044736053915,173.0,161.0,13.0,16.0,3.0,3.487749406606521
5950.0,21468.69,21468.17410846917,213.5,211.5,32.0,34.0,2.0,0.520181233825278
6060.0,21845.43,21845.359062081287,207.0,194.5,19.0,20.0,1.0,0.42266215754731384
6060.0,21873.53,21873.214721601904,160.5,151.5,34.0,18.0,-16.0,0.4352016409726926
6060.0,21873.53,21874.01091037665,129.5,129.5,11.0,19.0,8.0,0.4809103766529006
6070.0,21875.21,21875.09654125,227.0,223.0,18.0,15.0,-3.0,0.17507331529659736
6090.0,21955.27,21954.852353881502,150.5,146.5,11.0,20.0,9.0,0.438413113483361
6100.0,22033.79,22033.799220084144,265.5,257.0,21.0,15.0,-6.0,0.2834833112008124
6100.0,22034.04,22033.305464638677,164.5,159.5,14.0,34.0,20.0,0.753206462274883
6100.0,22034.05,22033.760318139957,196.5,213.5,13.0,15.0,2.0,0.6364170732691931
6110.0,22035.41,22034.693007789097,218.5,161.0,27.0,38.0,11.0,2.046384358229365
6110.0,22035.46,22035.40243259437,203.0,195.0,14.0,46.0,32.0,0.27280967230319403
6120.0,22113.94,22113.8826307417,222.0,239.5,28.0,14.0,-14.0,0.5861476005030546
6120.0,22113.96,22113.520005965405,141.0,130.5,54.0,25.0,-29.0,0.5622230433539375
6270.0,22682.66,22682.60757554603,85.0,85.0,10.0,31.0,21.0,0.05242445397016127
6270.0,22682.99,22682.99353345966,179.5,184.5,14.0,22.0,8.0,0.16670411847021355
6310.0,22812.91,22812.76020734449,187.5,196.0,11.0,11.0,0.0,0.32049277280826055
6350.0,23006.72,23006.48483333333,204.5,197.0,12.0,36.0,24.0,0.3432249424414948
6350.0,23007.0,23006.48483333333,196.5,154.0,13.0,17.0,4.0,1.5074286513443829
6350.0,23007.71,23007.779309452737,200.5,151.5,15.0,16.0,1.0,1.6348032230261207
6350.0,23008.54,23008.233721393037,189.5,179.5,16.0,25.0,9.0,0.4526783584344907
6360.0,23018.59,23015.88470390009,141.0,230.0,11.0,14.0,3.0,4.014939364336507
6360.0,23018.95,23018.404649140197,136.5,134.5,16.0,36.0,20.0,0.5494105975800525
6360.0,23019.23,23019.054283661237,134.0,215.0,12.0,17.0,5.0,2.7057117791273018
6360.0,23019.6,23019.612392338568,122.0,122.0,14.0,14.0,0.0,0.012392338569043204
6360.0,23020.83,23020.810187075676,124.0,133.5,14.0,20.0,6.0,0.3172858801587313
6360.0,23021.31,23022.11244065613,130.0,140.5,10.0,23.0,13.0,0.8754490314151735
6360.0,23021.79,23021.831894048268,118.5,117.5,24.0,35.0,11.0,0.053537112280132235
6360.0,23022.85,23022.793910253236,228.5,231.0,21.0,24.0,3.0,0.10045150141380244
6360.0,23023.3,23023.97877199068,129.0,122.5,14.0,18.0,4.0,0.7125137611158399
6360.0,23024.39,23024.27921552109,219.5,235.5,17.0,38.0,21.0,0.5447179501467494
6360.0,23024.88,23026.71758337876,233.5,241.0,49.0,18.0,-31.0,1.8545114380576255
6360.0,23028.38,23027.249826056788,131.0,128.5,10.0,27.0,17.0,1.1332420687398457
6360.0,23029.76,23029.7956372962,124.0,126.5,16.0,20.0,4.0,0.0906336655167097
6360.0,23030.14,23029.648400069374,233.5,236.5,12.0,17.0,5.0,0.5016677105320304
6360.0,23031.76,23031.254081718616,121.0,133.5,23.0,22.0,-1.0,0.6554116405341496
6360.0,23032.43,23033.55217627236,130.0,237.0,11.0,18.0,7.0,3.7390360652652865
6360.0,23040.25,23039.636655186085,142.5,154.0,22.0,37.0,15.0,0.7232816223306533
6360.0,23040.57,23043.30166831855,138.5,157.5,20.0,19.0,-1.0,2.8041260516738067
6370.0,23053.14,23053.023821605155,160.5,170.0,37.0,27.0,-10.0,0.33730579183650006
6400.0,23198.67,23199.834258128816,37.0,47.0,11.0,16.0,5.0,1.211035962153746
6520.0,23639.84,23639.676134802263,115.5,141.5,19.0,19.0,0.0,0.8820220598945375
6520.0,23667.04,23666.88297459342,344.0,387.5,15.0,46.0,31.0,1.4584776235211523
6520.0,23668.17,23667.391224362334,49.5,318.5,10.0,28.0,18.0,9.000422357030239
6520.0,23669.0,23668.94393239901,314.5,306.0,20.0,23.0,3.0,0.2888275500341934
6520.0,23669.09,23669.18657423368,378.0,347.0,18.0,23.0,5.0,1.0378363842094196
6530.0,23705.81,23705.635605658077,126.0,149.0,42.0,24.0,-18.0,0.7862513365794376
6530.0,23705.83,23705.808393767504,272.5,257.0,23.0,20.0,-3.0,0.517118239600194
6540.0,23707.49,23707.436573402072,155.0,148.5,70.0,26.0,-44.0,0.22315655000641388
6580.0,23867.6,23867.53532457129,169.0,153.5,22.0,21.0,-1.0,0.5206989106220862
6590.0,23945.68,23945.75795407098,148.5,136.0,19.0,28.0,9.0,0.42389615272329384
6600.0,23947.62,23947.475828519997,132.0,122.0,16.0,21.0,5.0,0.3631756142104142
6990.0,25487.18,25487.20628095273,113.0,94.0,15.0,28.0,13.0,0.6338783791765764
7010.0,25570.01,25570.07672000996,128.5,131.0,12.0,23.0,11.0,0.10675206871039926
7120.0,25875.13,25873.73782801606,65.0,53.0,14.0,30.0,16.0,1.4484967493482572
7380.0,26907.12,26906.68744757414,232.0,236.0,40.0,38.0,-2.0,0.4526360335803113
7380.0,26907.12,26907.024818463826,182.0,169.5,44.0,50.0,6.0,0.42739985486590676
7380.0,26907.12,26907.18851321504,265.5,273.0,13.0,30.0,17.0,0.2592181718842602
7400.0,26970.0,26970.008271322837,108.0,104.5,10.0,21.0,11.0,0.1169595053536882
7420.0,26985.1,26984.85928198608,358.0,370.0,23.0,16.0,-7.0,0.4668459726992497
7420.0,26985.11,26984.762344084585,161.0,280.5,11.0,11.0,0.0,3.9984758446147386
7420.0,26985.13,26984.32915283726,65.5,72.5,11.0,23.0,12.0,0.8341466432906638
7420.0,26985.31,26985.024884234477,113.0,114.5,29.0,20.0,-9.0,0.2894667506819942
7420.0,26985.43,26984.676513650964,321.5,337.5,20.0,20.0,0.0,0.9231392758563779
7490.0,27284.67,27284.58205149852,176.5,175.0,13.0,27.0,14.0,0.10116787490176976
7520.0,27356.48,27356.45299293835,175.0,170.5,11.0,28.0,17.0,0.1524118807014566
7550.0,27515.06,27514.89984688161,222.5,244.0,12.0,20.0,8.0,0.7343433341711627
7670.0,27985.61,27985.35711606096,303.5,354.5,18.0,14.0,-4.0,1.718705991909104
7670.0,27992.04,27987.89814771395,57.0,218.5,24.0,37.0,13.0,6.79229108160465
7670.0,27992.33,27992.11526377491,58.0,47.50000000000001,11.0,31.0,20.0,0.4106234849180251
7860.0,28674.43,28674.1332513566,214.0,192.5,12.0,37.0,25.0,0.7756744603699949
7910.0,28857.22,28857.1767875,178.0,173.5,57.0,27.0,-30.0,0.15610035283851045
8000.0,29249.65,29249.75169696969,237.5,244.5,48.0,26.0,-22.0,0.2545323517524278
8000.0,29249.68,29249.69987205387,119.5,109.0,31.0,61.0,30.0,0.35056368683157296
8000.0,29249.86,29249.48061279461,166.5,158.0,35.0,21.0,-14.0,0.4735107489715378
8010.0,29251.38,29249.523468013464,177.5,214.0,14.0,23.0,9.0,2.2196821382383694
8060.0,29453.57,29453.61085053654,182.5,168.5,17.0,41.0,24.0,0.468451218499308
8060.0,29454.61,29454.98189115512,171.0,173.5,44.0,17.0,-27.0,0.381113468274116
8060.0,29455.36,29459.783015290825,196.0,183.5,13.0,18.0,5.0,4.442597818166051
8060.0,29455.36,29458.529123689623,186.5,172.0,15.0,15.0,0.0,3.205769185583361
8060.0,29455.91,29460.408471909,182.0,156.5,14.0,19.0,5.0,4.578072685754594
8060.0,29458.65,29461.265248197076,175.5,195.0,12.0,19.0,7.0,2.6948141183211822
8060.0,29464.32,29463.841533790983,151.5,139.0,11.0,26.0,15.0,0.6344612078623316
8060.0,29464.33,29463.659853535228,164.0,213.0,13.0,25.0,12.0,1.7654670945749387
8060.0,29464.97,29465.98794205844,149.5,124.0,12.0,49.0,37.0,1.3261621448145704
8060.0,29465.5,29465.023944635825,224.5,210.5,29.0,30.0,1.0,0.6666381983789699
8060.0,29465.64,29466.4932712944,159.5,205.0,13.0,24.0,11.0,1.7402154118454407
8060.0,29466.75,29466.646160689947,134.5,126.5,33.0,37.0,4.0,0.28617077667624724
8060.0,29466.77,29467.919908056803,152.5,133.5,11.0,19.0,8.0,1.312783169533772
8060.0,29467.97,29467.935792669326,222.5,206.5,22.0,28.0,6.0,0.5344292150662535
8060.0,29469.06,29469.046722757805,231.5,221.0,67.0,59.0,-8.0,0.3502517454065697
8060.0,29470.96,29470.1735374588,155.5,142.0,14.0,21.0,7.0,0.9061033763932491
8060.0,29471.01,29470.760275333945,228.5,212.5,21.0,20.0,-1.0,0.588903093284319
8060.0,29485.33,29485.06834006592,239.5,221.5,11.0,37.0,26.0,0.6545730830875344
8060.0,29486.15,29487.88984436569,240.0,220.5,22.0,14.0,-8.0,1.857298688100807
8060.0,29490.44,29490.53066119799,253.0,242.50000000000003,44.0,27.0,-17.0,0.36155145252272725
8060.0,29490.45,29490.3221756586,148.0,132.0,66.0,38.0,-28.0,0.5484373316061076
8140.0,29742.02,29741.77748621118,314.5,296.0,47.0,33.0,-14.0,0.6626392046549787
8280.0,30308.39,30307.71371643394,134.0,153.0,11.0,39.0,28.0,0.9265368707358443
8280.0,30308.63,30307.25820622986,133.0,201.5,10.0,42.0,32.0,2.663724696530594
8280.0,30308.91,30308.002406015035,142.5,232.0,16.0,20.0,4.0,3.1183336286102357
8280.0,30309.22,30309.549742212672,133.5,235.0,23.0,22.0,-1.0,3.3993638186080344
8280.0,30309.45,30311.38476906552,134.5,211.0,10.0,17.0,7.0,3.200911016709339
8290.0,30333.12,30333.18387686567,125.5,130.0,19.0,21.0,2.0,0.16303451771956015
8340.0,30517.65,30521.334814203547,230.5,167.5,11.0,22.0,11.0,4.241209227879206
8460.0,30970.79,30969.88173800582,175.5,169.5,14.0,21.0,7.0,0.9300214245230857
8520.0,31153.53,31153.487484850757,128.5,115.0,12.0,16.0,4.0,0.4520039136059034
8520.0,31153.86,31153.6589070098,212.5,201.0,18.0,29.0,11.0,0.43287739043706414
8520.0,31154.3,31152.92209246652,209.5,177.5,19.0,17.0,-2.0,1.7425288946227508
8520.0,31154.98,31156.15505423805,212.0,192.5,13.0,11.0,-2.0,1.3428523605968217
8640.0,31555.39,31555.60073978356,358.0,355.5,67.0,50.0,-17.0,0.22661796226173278
8640.0,31555.44,31555.087362300117,36.5,37.5,28.0,26.0,-2.0,0.35420962506529213
8640.0,31555.71,31553.07767727346,58.5,165.0,14.0,11.0,-3.0,4.419459575180045
8650.0,31558.11,31557.80905294074,305.0,312.0,10.0,18.0,8.0,0.38080648224935776
8660.0,31597.75,31597.02487293725,177.5,181.5,11.0,25.0,14.0,0.7372835512266093
8660.0,31598.14,31603.009416176115,159.0,138.5,14.0,11.0,-3.0,4.917129075046112
8660.0,31598.17,31598.090737430168,147.5,132.5,12.0,23.0,11.0,0.5062435727751304
8660.0,31598.21,31598.14014804469,215.5,222.5,30.0,28.0,-2.0,0.24356465282300466
8660.0,31598.28,31598.127039106144,106.5,105.0,23.0,25.0,2.0,0.16092555747536919
8660.0,31599.89,31599.966324022345,358.5,362.0,10.0,29.0,19.0,0.13941473199836266
8680.0,31623.87,31623.754026234288,192.5,185.5,13.0,28.0,15.0,0.2605654596787326
8680.0,31632.19,31632.07878848606,151.5,151.0,13.0,29.0,16.0,0.11245345086161188
8680.0,31632.34,31632.365463654583,190.5,190.5,22.0,35.0,13.0,0.025463654583290918
8690.0,31634.25,31633.10248314811,257.5,234.5,12.0,20.0,8.0,1.3800625721847593
8690.0,31635.4,31635.405100848257,177.0,184.0,23.0,31.0,8.0,0.23338908093003408
8910.0,32268.22,32268.111297839856,178.5,161.5,11.0,12.0,1.0,0.5769985014983491
9030.0,32563.95,32563.5160284264,313.5,300.5,12.0,27.0,15.0,0.6132773471054112
9040.0,32564.8,32564.6317413832,359.5,360.5,11.0,14.0,3.0,0.17152863678762767
9040.0,32564.85,32564.71052188932,41.0,30.5,11.0,18.0,7.0,0.3767680232698061
9060.0,32644.89,32644.921063563565,205.0,188.0,15.0,16.0,1.0,0.5675174500334546
9060.0,32644.93,32644.90704604605,129.5,109.0,14.0,20.0,6.0,0.683718749520887
9160.0,32962.22,32960.571672163096,271.5,250.00000000000003,12.0,13.0,1.0,1.797385815296009
9160.0,32975.75,32974.70079107303,237.5,234.5,20.0,45.0,25.0,1.0539636485334407
9160.0,32976.05,32975.43088472652,198.5,189.0,10.0,16.0,6.0,0.695400244202859
9160.0,32976.06,32972.09033376507,236.0,171.0,14.0,14.0,0.0,4.522465529022057
9160.0,32976.07,32976.262297499256,185.5,188.0,12.0,28.0,16.0,0.20957760535056988
9200.0,33161.16,33161.085092548885,96.0,88.0,10.0,23.0,13.0,0.2769877927710927
9210.0,33162.93,33162.91569205835,112.0,129.5,19.0,17.0,-2.0,0.5835087788303589
9220.0,33240.91,33237.6981226664,247.5,239.0,11.0,14.0,3.0,3.2243501335770355
9220.0,33241.33,33241.42770622791,134.5,74.0,17.0,14.0,-3.0,2.0190321818673236
9220.0,33241.53,33240.99027978294,215.5,146.0,18.0,14.0,-4.0,2.378706025793129
9220.0,33241.58,33240.68238736496,251.5,240.0,18.0,24.0,6.0,0.9760393880505249
9250.0,33322.96,33322.83381625001,234.5,250.00000000000003,16.0,18.0,2.0,0.531852219330102
9250.0,33354.59,33354.405231250006,361.5,352.5,41.0,33.0,-8.0,0.352334345434827
9250.0,33355.15,33355.289335,347.0,354.0,33.0,19.0,-14.0,0.2717695469867845
9250.0,33356.79,33356.612987500004,380.5,381.0,15.0,21.0,6.0,0.17779539626446086
9250.0,33360.47,33359.60272000001,383.5,387.0,10.0,21.0,11.0,0.8750918291790953
9250.0,33361.0,33360.479815000006,42.5,31.000000000000004,14.0,31.0,17.0,0.6461709361021618
9260.0,33371.68,33370.956923698635,203.0,208.0,12.0,14.0,2.0,0.7420357911673534
9260.0,33371.83,33371.711803096514,189.0,193.5,10.0,31.0,21.0,0.19097253204090467
9260.0,33400.71,33400.38327785215,227.0,135.0,14.0,17.0,3.0,3.0840220178108213
9270.0,33402.69,33402.677237262746,200.0,179.5,31.0,33.0,2.0,0.6834525088890439
9270.0,33425.22,33424.73369905095,166.0,143.5,23.0,31.0,8.0,0.8938616296988219
9280.0,33443.96,33444.00738890683,192.5,177.0,17.0,26.0,9.0,0.5188353813446589
9280.0,33469.53,33469.144518989546,136.0,148.0,14.0,19.0,5.0,0.555513824688392
9280.0,33469.68,33469.62513152339,132.0,130.0,14.0,49.0,35.0,0.08634230811161707
9280.0,33474.46,33473.767553838894,216.5,212.5,12.0,49.0,37.0,0.7051662667818706
9280.0,33474.49,33472.65109987829,223.5,226.0,14.0,20.0,6.0,1.840787359273193
9280.0,33474.85,33474.96560247399,122.5,107.5,23.0,47.0,24.0,0.5131899570263199
9280.0,33475.6,33475.703934772355,238.5,207.5,28.0,43.0,15.0,1.0385471653625236
9280.0,33476.02,33475.61835986985,114.0,115.0,12.0,19.0,7.0,0.403020973718495
9280.0,33476.32,33476.395499391445,125.5,114.5,48.0,63.0,15.0,0.37435892209621335
9280.0,33476.9,33476.053199781425,112.5,97.0,15.0,20.0,5.0,0.9919753296455853
9280.0,33477.5,33478.22341911126,215.0,198.5,14.0,29.0,15.0,0.9087547581905178
9280.0,33477.56,33477.83236170795,129.5,150.0,12.0,18.0,6.0,0.7356122242077611
9280.0,33477.66,33478.81149780174,234.5,204.0,14.0,22.0,8.0,1.5360853812583315
9280.0,33477.75,33478.09306664349,119.0,112.5,18.0,28.0,10.0,0.4057575215789054
9280.0,33478.02,33478.45228222261,130.0,105.0,11.0,11.0,0.0,0.9387823839607052
9280.0,33478.37,33478.46521796369,238.5,226.0,12.0,20.0,8.0,0.42740796871371245
9290.0,33482.38,33482.36315821045,345.0,334.5,14.0,15.0,1.0,0.3504049741016258
9300.0,33527.69,33527.30418835284,380.0,347.0,19.0,23.0,4.0,1.1656974852355262
9300.0,33527.99,33528.09835557875,378.5,360.5,17.0,26.0,9.0,0.6097056104772409
9300.0,33528.83,33528.89650858747,360.5,359.0,14.0,29.0,15.0,0.08320692403562212
9310.0,33562.61,33562.55462566378,217.0,223.5,17.0,19.0,2.0,0.22363086002611912
9310.0,33562.8,33562.636582732914,136.0,144.0,12.0,21.0,9.0,0.31275599801447196
9360.0,33764.38,33763.72819200079,223.5,203.0,16.0,30.0,14.0,0.9443506299450612
9360.0,33765.2,33764.69930911434,208.0,197.5,12.0,46.0,34.0,0.6108939048496216
9360.0,33766.34,33766.389330921345,217.0,199.0,18.0,43.0,25.0,0.6020245342186058
9360.0,33766.89,33767.26611661793,220.0,203.5,10.0,19.0,9.0,0.6663060184964519
9360.0,33788.65,33787.8482388363,235.5,234.0,11.0,17.0,6.0,0.8033187185820675
9360.0,33789.47,33788.53238984983,233.5,214.5,11.0,30.0,19.0,1.1314697984531883
9360.0,33789.71,33790.71194206275,236.0,218.0,17.0,16.0,-1.0,1.1678561114746302
9370.0,33803.74,33803.613866290776,325.5,311.5,23.0,18.0,-5.0,0.4834123399126812
9370.0,33803.82,33803.85557390254,371.5,351.0,15.0,28.0,13.0,0.684258684260831
9370.0,33803.84,33803.72173580347,117.0,113.0,11.0,15.0,4.0,0.17822513279042584
9390.0,33903.09,33902.99678510829,358.5,362.5,10.0,31.0,21.0,0.16268618199906534
9390.0,33903.9,33904.28119373191,359.5,363.5,10.0,17.0,7.0,0.40383962042669824
9390.0,33904.08,33905.61465615331,385.0,361.0,10.0,19.0,9.0,1.730655803123699
9400.0,33946.06,33946.01328663847,328.0,387.5,19.0,25.0,6.0,1.983883375921238
9420.0,34026.21,34026.262420075465,253.0,263.0,13.0,21.0,8.0,0.3374299563213013
9420.0,34026.24,34026.15083151311,223.0,231.0,12.0,15.0,3.0,0.28117988933344157
9420.0,34026.28,34026.15083151311,309.0,307.0,37.0,28.0,-9.0,0.14535798034651126
9430.0,34059.0,34059.14230527419,180.0,187.0,31.0,32.0,1.0,0.27330429104988596
9430.0,34063.61,34063.73150890675,192.0,193.5,43.0,23.0,-20.0,0.1313941186626849
9430.0,34063.76,34064.43099720573,189.5,194.5,21.0,23.0,2.0,0.6913863087114255
9430.0,34063.93,34064.89732273839,189.5,198.0,15.0,17.0,2.0,1.0079638177951802
9440.0,34075.25,34075.043213069104,203.5,205.5,22.0,21.0,-1.0,0.21726775930572884
9440.0,34075.29,34075.46529800831,191.0,190.0,14.0,49.0,35.0,0.1784390731564714
9440.0,34106.55,34106.32339906009,313.5,338.5,45.0,28.0,-17.0,0.8635927456923977
9450.0,34108.23,34107.86287039808,318.5,216.0,11.0,15.0,4.0,3.4363345669069894
9450.0,34139.92,34139.23447770129,149.0,168.5,11.0,56.0,45.0,0.9446908605593844
9450.0,34140.74,34141.34984435798,169.5,182.0,41.0,13.0,-28.0,0.7385941050908281
9460.0,34156.58,34156.45319679475,123.5,139.5,19.0,25.0,6.0,0.5482002346835727
9460.0,34157.5,34157.2303449134,152.0,158.0,31.0,19.0,-12.0,0.33572885745852865
9470.0,34188.41,34188.317665416354,155.0,166.0,34.0,19.0,-15.0,0.3781138978959777
9470.0,34188.43,34188.30062290573,83.5,98.0,31.0,23.0,-8.0,0.500349421537981
9470.0,34188.44,34188.37982045511,218.5,242.50000000000003,21.0,14.0,-7.0,0.802260292936824
9470.0,34188.44,34188.24147536884,116.5,123.0,29.0,19.0,-10.0,0.29386471993338664
9470.0,34188.45,34188.35676294074,197.0,205.5,29.0,25.0,-4.0,0.2982799473591049
9590.0,34670.26,34669.583911919675,222.0,193.0,13.0,27.0,14.0,1.1796353406050257
9660.0,34962.49,34962.163705443694,68.0,73.5,10.0,19.0,9.0,0.37427162407078346
9890.0,35794.32,35794.0954535962,182.5,185.5,14.0,24.0,10.0,0.24580701263175359
9910.0,35853.48,35852.98653801228,186.0,266.0,15.0,20.0,5.0,2.711939498668736
9920.0,35875.95,35875.64007795712,143.0,154.5,26.0,22.0,-4.0,0.49294636331538366
9920.0,35875.96,35875.98114611964,197.0,214.0,14.0,24.0,10.0,0.5670610809135502
9920.0,35876.0,35875.98414671931,267.5,256.5,25.0,25.0,0.0,0.36700922461574326
9920.0,35876.02,35875.765102943384,44.5,34.0,11.0,20.0,9.0,0.43298095739885706
10070.0,36496.68,36496.164379590926,151.5,144.5,10.0,19.0,9.0,0.5659583471409981
10540.0,38046.71,38045.87345473308,62.50000000000001,68.5,18.0,29.0,11.0,0.8601209121983382
10830.0,39159.96,39159.57352282065,254.0,242.0,10.0,19.0,9.0,0.5562055466823064
10830.0,39176.57,39176.50237020991,141.5,132.5,10.0,17.0,7.0,0.3075285165754953
10830.0,39176.57,39176.65957944274,170.0,163.0,19.0,26.0,7.0,0.24993783428350025
10830.0,39176.66,39176.73818405916,194.5,181.5,13.0,15.0,2.0,0.4403300181504201
10840.0,39205.66,39205.71330894903,192.5,181.5,12.0,24.0,12.0,0.370521643754905
10920.0,39375.25,39374.175210303794,191.0,181.5,14.0,18.0,4.0,1.120468950416617
10920.0,39375.31,39374.577058362025,178.5,143.0,10.0,16.0,6.0,1.391934345596679
10920.0,39396.11,39396.01575426055,243.0,193.0,13.0,14.0,1.0,1.6693292177344692
10930.0,39425.07,39425.24648609681,117.0,100.0,15.0,14.0,-1.0,0.5935136506252687
10950.0,39467.04,39466.92681838531,268.0,257.0,13.0,27.0,14.0,0.3837375696330037
10950.0,39467.06,39466.903907625725,123.5,116.0,28.0,15.0,-13.0,0.29472839921882193
10950.0,39467.08,39470.47300552156,130.0,84.0,13.0,30.0,17.0,3.7233852312716067
10950.0,39467.09,39467.04137218325,95.0,71.5,18.0,21.0,3.0,0.784841242336597
10950.0,39467.23,39467.01148858379,255.0,233.5,15.0,20.0,5.0,0.7492385135098998
10950.0,39470.93,39470.92325175348,112.0,94.5,34.0,18.0,-16.0,0.5833723653113196
10950.0,39471.56,39474.59694224742,122.0,61.0,11.0,15.0,4.0,3.654786267162479
10950.0,39485.51,39484.67269586629,90.0,70.0,24.0,35.0,11.0,1.0702909215599916
10950.0,39492.71,39491.95433293538,204.5,181.5,10.0,24.0,14.0,1.0764806037886807
10950.0,39493.03,39493.97346813909,199.5,180.5,12.0,22.0,10.0,1.136328843510148
10960.0,39540.92,39541.03254480287,287.0,285.5,15.0,23.0,8.0,0.12315166524564848
10960.0,39541.34,39541.40487455197,244.5,246.0,21.0,22.0,1.0,0.08190669993090234
10960.0,39541.57,39541.68086021505,330.5,310.5,11.0,17.0,6.0,0.6758213016213174
10980.0,39551.41,39555.34271639794,374.0,226.0,16.0,16.0,0.0,6.309043988149176
10980.0,39551.98,39551.749448943694,286.5,83.5,10.0,14.0,4.0,6.770593147379562
10980.0,39554.39,39553.96712930628,99.0,92.5,12.0,20.0,8.0,0.47514636487357015
10990.0,39592.17,39591.32178170741,165.0,193.5,10.0,14.0,4.0,1.2735675372274728
10990.0,39592.44,39591.75846001436,178.0,187.0,21.0,22.0,1.0,0.7446453867642706
11000.0,39614.68,39614.57395345946,118.0,119.0,11.0,27.0,16.0,0.1111619533446195
11000.0,39615.22,39615.28872237277,140.5,148.0,15.0,28.0,13.0,0.2592735322367429
11000.0,39615.36,39615.28872237277,205.0,207.5,11.0,25.0,14.0,0.10965830834252828
11000.0,39615.36,39615.34170524327,183.0,190.5,10.0,21.0,11.0,0.25066850245655303
11000.0,39615.47,39614.586949257886,197.5,236.5,14.0,19.0,5.0,1.571552930432312
11000.0,39654.5,39654.27911667455,98.0,103.0,19.0,16.0,-3.0,0.27670782648631825
11010.0,39654.65,39655.355307163576,109.0,105.0,10.0,20.0,10.0,0.7177993959090858
11010.0,39654.65,39655.52337933627,114.0,151.0,16.0,11.0,-5.0,1.5112586066369642
11010.0,39654.67,39654.57802003829,138.5,181.5,10.0,49.0,39.0,1.4362815732999095
11010.0,39654.72,39654.31810406981,60.5,71.5,10.0,15.0,5.0,0.5440264544559463
11010.0,39654.86,39655.355307163576,226.5,234.0,57.0,25.0,-32.0,0.5548235632065357
11010.0,39655.34,39654.896109977446,250.00000000000003,258.0,12.0,15.0,3.0,0.517831500809842
11030.0,39703.12,39702.7610355642,71.0,87.5,14.0,21.0,7.0,0.6567765724880215
11030.0,39703.36,39702.84420309854,43.0,41.0,12.0,24.0,12.0,0.5200873849671441
11030.0,39703.44,39703.75904597629,268.5,241.50000000000003,10.0,50.0,40.0,0.9548771308306394
11050.0,39768.19,39768.630183096495,223.5,226.5,13.0,20.0,7.0,0.45139911213666173
11060.0,39810.31,39810.06251263787,124.0,128.0,47.0,21.0,-26.0,0.2811187866175922
11310.0,40732.53,40732.80557159928,241.50000000000003,244.5,27.0,60.0,33.0,0.29315474809585834
11310.0,40732.63,40732.60222166899,368.5,377.5,10.0,16.0,6.0,0.30128331462863217
11310.0,40732.64,40732.696918940455,96.5,100.0,14.0,21.0,7.0,0.12981092748200512
11410.0,40991.66,40992.63323474261,172.5,211.0,12.0,15.0,3.0,1.6106304072178426
11410.0,40991.67,40990.97981073581,162.5,179.0,15.0,20.0,5.0,0.8825311441554373
11410.0,40992.25,40993.83672700453,142.0,211.5,18.0,14.0,-4.0,2.8079613657137044
11410.0,40993.55,40993.26754831612,137.0,137.0,11.0,42.0,31.0,0.2824516838809359
11410.0,40999.54,40999.27098057354,174.0,172.5,14.0,26.0,12.0,0.27362648229236264
11410.0,40999.65,41000.82018876416,189.0,172.0,11.0,15.0,4.0,1.300174163287398
11410.0,40999.68,41000.06963447258,166.0,143.0,13.0,15.0,2.0,0.8599958139435427
11460.0,41205.18,41205.21404155773,306.0,289.0,18.0,17.0,-1.0,0.5676882408186835
11470.0,41230.32,41230.08211635055,244.5,50.5,13.0,13.0,0.0,6.47104059703319
11470.0,41234.89,41234.83884873929,51.0,46.0,12.0,12.0,0.0,0.1743394081961444
11470.0,41234.92,41233.40702626384,73.0,60.5,10.0,15.0,5.0,1.569299409740252
11540.0,41530.5,41529.76157470922,75.5,38.5,15.0,12.0,-3.0,1.4374919203856376
11550.0,41531.48,41529.71973754846,280.5,353.5,11.0,20.0,9.0,3.003270718636605
11550.0,41531.52,41529.68985386221,270.0,253.5,11.0,21.0,10.0,1.9110036330811975
11550.0,41531.52,41531.45393795939,40.5,43.0,12.0,15.0,3.0,0.10634207847020954
11550.0,41531.53,41528.6967193558,174.5,222.5,10.0,21.0,11.0,3.25384068583345
11550.0,41531.53,41529.569322994335,96.0,86.0,11.0,16.0,5.0,1.9888100541903257
11550.0,41531.53,41531.43096947801,312.5,319.0,23.0,27.0,4.0,0.23822570963253428
11550.0,41531.54,41529.25255592007,148.0,118.0,13.0,14.0,1.0,2.496477602302248
11550.0,41531.71,41531.40101058927,167.0,169.0,17.0,25.0,8.0,0.3160995102641582
11550.0,41538.65,41538.756916407125,218.5,212.0,21.0,17.0,-4.0,0.24161035275124298
11550.0,41539.15,41539.29717503426,209.0,216.5,11.0,21.0,10.0,0.2901042755797405
11550.0,41550.93,41549.43426435779,296.0,226.0,15.0,15.0,0.0,2.7715825002729697
11550.0,41551.06,41550.40692961256,286.5,230.5,11.0,14.0,3.0,1.9776110273237655
11550.0,41551.26,41549.84070661517,307.0,221.0,14.0,11.0,-3.0,3.198776561437946
11550.0,41551.48,41551.642234458704,326.5,307.0,14.0,26.0,12.0,0.6699403104681021
11550.0,41551.6,41551.3905797932,304.0,287.5,13.0,19.0,6.0,0.5885208772972165
11550.0,41551.8,41552.34027656658,309.0,125.0,13.0,13.0,0.0,6.157083444795245
11550.0,41551.95,41551.70814401395,388.5,346.5,16.0,32.0,16.0,1.4207372445269124
11550.0,41551.97,41552.20246567833,306.5,287.5,11.0,17.0,6.0,0.6746490959847941
11550.0,41551.98,41550.67556098169,55.00000000000001,62.50000000000001,12.0,13.0,1.0,1.328179638639943
11550.0,41552.66,41552.93645845272,358.5,287.5,10.0,15.0,5.0,2.38275898638325
11550.0,41552.72,41552.81562426809,387.0,363.5,12.0,15.0,3.0,0.7891483458508392
11550.0,41553.21,41557.81476417092,377.5,234.5,10.0,12.0,2.0,6.627591129582908
11550.0,41553.25,41552.16651501183,41.0,44.5,14.0,15.0,1.0,1.0897480583627914
11550.0,41560.55,41557.36937535816,77.0,124.0,12.0,12.0,0.0,3.5455348759723266
11550.0,41562.43,41563.86346380964,73.0,296.0,10.0,17.0,7.0,7.570288167434183
11550.0,41562.44,41559.67321390307,61.0,56.5,11.0,30.0,19.0,2.770849203072518
11550.0,41563.37,41563.68970225489,71.0,209.0,10.0,32.0,22.0,4.611096348134399
11550.0,41565.01,41565.52418487604,223.5,290.0,11.0,17.0,6.0,2.27552130244014
11550.0,41565.3,41565.64901357917,230.0,260.5,10.0,33.0,23.0,1.07490538632612
11550.0,41565.62,41567.316725052944,220.0,232.0,14.0,15.0,1.0,1.7432371913423739
11550.0,41566.26,41566.83438694407,234.5,285.5,11.0,18.0,7.0,1.7944136539600903
11550.0,41569.55,41570.42545907562,284.5,286.5,11.0,17.0,6.0,0.8779937571076272
11550.0,41569.62,41569.74139778248,331.5,358.5,10.0,17.0,7.0,0.9081505500693614
11560.0,41570.78,41570.084926373485,232.5,223.5,15.0,11.0,-4.0,0.757051746101015
11560.0,41571.38,41570.83464790481,227.0,232.5,11.0,26.0,15.0,0.5753433921006379
11560.0,41571.38,41569.83626759686,241.0,241.50000000000003,10.0,14.0,4.0,1.5438223700522362
11560.0,41571.68,41571.47462927544,243.0,242.50000000000003,29.0,30.0,1.0,0.20604589848658095
11560.0,41572.01,41573.98279887727,238.5,238.0,10.0,11.0,1.0,1.972869277959066
11560.0,41609.85,41609.89242231551,234.0,236.5,53.0,32.0,-21.0,0.0935098780768654
11560.0,41609.87,41609.99095754987,264.5,262.5,21.0,20.0,-1.0,0.1381129006060569
11570.0,41611.64,41611.65760016016,305.5,351.0,19.0,18.0,-1.0,1.516768783768755
11570.0,41611.69,41611.39140712195,255.0,297.5,11.0,13.0,2.0,1.4477921643900755
11570.0,41611.7,41611.427433247416,238.5,229.0,13.0,19.0,6.0,0.41781624237259224
11570.0,41611.71,41609.74312650587,215.0,210.0,19.0,20.0,1.0,1.9739222678939763
11570.0,41611.72,41610.76132392757,189.5,193.0,11.0,36.0,25.0,0.96574889229495
11570.0,41641.68,41641.4792262456,199.0,231.5,15.0,14.0,-1.0,1.1017809272109726
11570.0,41642.64,41642.88424513901,134.0,140.0,10.0,11.0,1.0,0.3156828914107546
11570.0,41645.67,41645.66826405745,315.0,322.0,25.0,38.0,13.0,0.23333979073653915
11570.0,41646.35,41646.72503040465,298.0,316.0,10.0,15.0,5.0,0.7075646998052068
11570.0,41646.56,41646.991223442856,242.50000000000003,230.0,11.0,22.0,11.0,0.5996371976299013
11580.0,41653.19,41652.90219956336,46.0,38.5,10.0,14.0,4.0,0.3812205284765072
11580.0,41654.01,41653.4732375707,297.0,314.0,16.0,16.0,0.0,0.7805286776400471
11580.0,41654.32,41654.91575518508,287.5,263.5,12.0,21.0,9.0,0.9974588916594316
11580.0,41654.48,41654.53771608614,253.5,263.5,12.0,23.0,11.0,0.3382931535073435
11580.0,41654.52,41654.37456236976,301.5,306.5,11.0,21.0,10.0,0.22120099924336742
11580.0,41655.34,41655.70864245312,287.5,289.0,10.0,17.0,7.0,0.3720178197974097
11580.0,41657.25,41657.27551503424,304.5,312.5,17.0,23.0,6.0,0.26788454244967663
11580.0,41658.83,41658.69216681552,208.5,231.0,11.0,16.0,5.0,0.7625601528696678
11580.0,41659.35,41659.72680013893,147.5,198.5,11.0,15.0,4.0,1.7412576904925992
11580.0,41660.32,41660.30480202441,388.5,309.5,11.0,17.0,6.0,2.6333771896381424
11580.0,41660.39,41660.98328272304,51.5,54.0,40.0,51.0,11.0,0.5991066965953095
11580.0,41661.36,41662.11640518012,60.5,61.49999999999999,69.0,50.0,-19.0,0.7571392920843959
11580.0,41668.93,41664.99447653071,112.5,264.0,14.0,21.0,7.0,6.402409310357225
11580.0,41669.2,41669.12704078595,310.5,330.0,11.0,39.0,28.0,0.6540818350287768
11580.0,41670.36,41668.93802123648,95.5,104.5,11.0,20.0,9.0,1.4532802908971827
11580.0,41670.36,41669.98857199564,113.0,105.5,10.0,11.0,1.0,0.44772621369082577
11580.0,41670.82,41670.32184330654,54.5,61.0,12.0,19.0,7.0,0.5432352489317048
11580.0,41670.93,41670.798371539146,58.5,99.5,11.0,24.0,13.0,1.3729908337220447
11580.0,41671.09,41671.37935794384,63.0,69.0,12.0,47.0,35.0,0.3517499391140928
11580.0,41671.76,41671.611155601866,98.5,100.5,12.0,25.0,13.0,0.16309230300953054
11580.0,41672.54,41672.66469088022,104.5,99.5,14.0,24.0,10.0,0.20814800836886777
11580.0,41673.22,41673.11535327974,105.5,132.5,15.0,47.0,32.0,0.9060634282772163
11580.0,41673.31,41671.27489977176,264.5,263.0,10.0,14.0,4.0,2.0357143559410433
11580.0,41673.54,41669.67519747941,305.5,309.5,14.0,51.0,37.0,3.8671017960412866
11580.0,41674.07,41669.12405626674,306.0,378.5,23.0,17.0,-6.0,5.504783119286059
11580.0,41674.3,41674.052492309216,263.0,267.0,22.0,19.0,-3.0,0.2811366834412735
11580.0,41674.37,41669.59660514042,306.0,269.0,14.0,23.0,9.0,4.9301531007286705
11580.0,41674.63,41676.3366443386,73.0,50.5,39.0,11.0,-28.0,1.8641713704681249
11580.0,41674.63,41669.63639872978,303.0,330.0,17.0,34.0,17.0,5.074056921823742
11580.0,41674.83,41672.41996030564,305.5,322.0,14.0,20.0,6.0,2.4720014822805534
11580.0,41675.19,41674.88119380768,302.0,315.0,10.0,23.0,13.0,0.532108111376206
11580.0,41675.33,41674.52902054183,295.5,268.0,10.0,26.0,16.0,1.2173109176354424
11580.0,41675.34,41678.99386126823,105.0,73.5,11.0,14.0,3.0,3.8017367304303087
11580.0,41675.37,41680.03844298898,114.0,70.5,17.0,16.0,-1.0,4.888441463426688
11580.0,41675.8,41677.123562568224,72.5,72.5,34.0,17.0,-17.0,1.3235625682209502
11580.0,41676.17,41676.01033690583,291.5,300.0,17.0,42.0,25.0,0.3252231255893711
11580.0,41676.31,41675.38358787338,255.0,211.5,36.0,15.0,-21.0,1.7206799319870305
11580.0,41676.46,41676.57839039396,257.5,196.5,39.0,15.0,-24.0,2.036777044702353
11580.0,41676.78,41676.92757914062,258.5,258.5,17.0,46.0,29.0,0.1475791406192002
11580.0,41677.2,41676.810188052,308.5,300.0,19.0,21.0,2.0,0.4819036548744187
11580.0,41677.42,41677.30263372035,291.0,260.0,20.0,32.0,12.0,1.0399772215662528
11580.0,41677.81,41677.62297211472,303.0,309.5,12.0,42.0,30.0,0.2862234691929542
11580.0,41678.65,41680.83133025702,303.5,52.0,10.0,13.0,3.0,8.662475366080326
11580.0,41679.48,41679.85539247792,306.5,317.0,16.0,22.0,6.0,0.5132441061285733
11580.0,41689.85,41689.32427706659,85.0,75.0,13.0,15.0,2.0,0.6224915371501518
11580.0,41690.68,41689.67048129403,104.5,106.5,13.0,21.0,8.0,1.0117175802312113
11580.0,41690.77,41690.486249875954,73.5,77.5,11.0,20.0,9.0,0.31351540739190575
11590.0,41690.96,41691.37365118073,117.5,113.0,11.0,20.0,9.0,0.4400082946029465
11590.0,41691.15,41691.14881528852,124.5,127.0,15.0,24.0,9.0,0.08334175415561894
11590.0,41691.15,41689.42177136052,136.5,134.5,13.0,21.0,8.0,1.7295139995896753
11590.0,41691.83,41691.507955806606,74.5,78.0,11.0,18.0,7.0,0.3425252890091673
11590.0,41700.43,41700.23875133749,300.5,320.5,14.0,53.0,39.0,0.6935564110838346
11590.0,41700.98,41700.522283325445,52.5,62.50000000000001,11.0,45.0,34.0,0.5662293398261651
11590.0,41701.36,41702.43836265459,74.5,85.0,12.0,34.0,22.0,1.1337398355937907
11590.0,41701.41,41706.40084654242,61.0,84.0,16.0,17.0,1.0,5.049388773675798
11590.0,41701.5,41701.479328140944,291.0,282.0,13.0,64.0,51.0,0.3007113661916312
11590.0,41701.51,41701.5837872944,79.0,88.0,18.0,52.0,34.0,0.3089410377645153
11590.0,41702.05,41703.02930300844,76.0,82.5,11.0,29.0,18.0,1.0029849584038828
11590.0,41702.45,41706.7440694752,226.0,83.0,12.0,16.0,4.0,6.415617177558504
11590.0,41702.85,41707.37380894319,233.0,84.0,11.0,16.0,5.0,6.718081953378447
11590.0,41702.89,41705.64376639211,265.5,266.0,18.0,16.0,-2.0,2.7538168276219395
11590.0,41703.06,41705.43186353796,263.5,229.5,13.0,12.0,-1.0,2.628722329794793
11590.0,41703.06,41707.95480080624,256.0,85.5,16.0,16.0,0.0,7.500623488122784
11590.0,41703.07,41705.3632189514,308.5,301.0,23.0,22.0,-1.0,2.306805834714824
11590.0,41703.33,41704.38030805982,75.0,80.5,10.0,28.0,18.0,1.0661886004061325
11590.0,41703.8,41704.95135143206,287.0,296.5,14.0,27.0,13.0,1.1941054802113327
11590.0,41707.27,41705.71838007316,293.5,292.5,11.0,19.0,8.0,1.5519779342741218
11590.0,41707.71,41707.95778535347,288.5,291.5,12.0,17.0,5.0,0.2672032585798159
11590.0,41707.72,41706.98880234901,300.0,298.0,20.0,16.0,-4.0,0.734230515066675
11590.0,41707.97,41708.91085077264,316.5,318.0,15.0,31.0,16.0,0.9421784206708276
11590.0,41708.04,41708.3756219673,299.5,292.5,15.0,18.0,3.0,0.40876221618335606
11590.0,41709.24,41708.50594719685,290.0,85.5,13.0,14.0,1.0,6.856075988658199
11590.0,41709.96,41710.18027819942,300.5,260.0,15.0,18.0,3.0,1.3678532396203114
11590.0,41711.18,41711.02589991789,301.0,299.5,14.0,24.0,10.0,0.16200875070803328
11590.0,41711.86,41711.65265483863,297.5,291.5,14.0,27.0,13.0,0.2880833489513421
11590.0,41711.94,41710.49067111255,258.5,85.5,11.0,15.0,4.0,5.946006951597377
11590.0,41711.95,41708.89493318735,262.5,80.5,14.0,14.0,0.0,6.792486854913358
11590.0,41712.2,41710.92442531167,277.0,84.5,17.0,17.0,0.0,6.542224537312287
11590.0,41712.54,41711.4696026078,237.0,87.5,12.0,17.0,5.0,5.096995358869549
11590.0,41712.91,41712.13615149178,238.5,89.5,37.0,19.0,-18.0,5.02659121984833
11590.0,41713.67,41713.16084604474,323.5,344.0,10.0,12.0,2.0,0.8521632441034249
11590.0,41713.69,41713.937823176646,287.5,235.0,33.0,18.0,-15.0,1.7674604173451005
11590.0,41714.71,41713.39563042775,231.5,86.5,18.0,15.0,-3.0,5.0088599983986954
11590.0,41714.75,41712.44554955582,244.0,90.0,13.0,13.0,0.0,5.626864398649244
11590.0,41715.45,41714.24125214621,239.0,84.5,11.0,13.0,2.0,5.289950035117013
11590.0,41716.41,41716.44782740687,291.0,273.0,11.0,39.0,28.0,0.601191244705113
11590.0,41716.49,41714.90680618111,247.5,87.0,12.0,14.0,2.0,5.579337117271022
11590.0,41716.72,41715.34752432378,251.5,84.0,13.0,17.0,4.0,5.749547859870165
11590.0,41716.98,41715.64796874611,243.5,84.0,16.0,15.0,-1.0,5.480990029710987
11590.0,41717.65,41718.07639535173,294.5,302.0,10.0,23.0,13.0,0.4942802807884929
11590.0,41717.95,41718.229602110136,232.5,222.5,12.0,22.0,10.0,0.43507292619171284
11590.0,41719.46,41716.62690024137,60.5,56.5,10.0,18.0,8.0,2.8362355367867393
11590.0,41719.89,41719.03244531814,305.0,306.0,15.0,19.0,4.0,0.8582022742296597
11590.0,41720.63,41719.54777714186,77.0,70.0,23.0,22.0,-1.0,1.1070911250305469
11590.0,41721.18,41722.06176076841,293.5,304.5,10.0,21.0,11.0,0.9549588981481074
11590.0,41721.35,41716.57815263642,121.0,86.0,11.0,16.0,5.0,4.912396398131751
11590.0,41721.68,41721.01318983751,116.0,84.0,12.0,17.0,5.0,1.257940209460114
11590.0,41721.7,41717.0706029313,123.0,88.0,19.0,22.0,3.0,4.774141632876787
11590.0,41721.91,41721.80310000746,126.0,132.5,12.0,50.0,38.0,0.24160308948709847
11590.0,41722.0,41725.95858461692,257.0,253.5,11.0,16.0,5.0,3.9603034328742828
11590.0,41722.06,41721.37630975191,116.5,89.0,10.0,26.0,16.0,1.1435515437032788
11590.0,41722.1,41724.743873889565,266.5,277.0,10.0,23.0,13.0,2.6669400338089355
11590.0,41722.17,41722.024951352425,119.5,87.0,10.0,28.0,18.0,1.0930005586796139
11590.0,41722.2,41723.386899743695,270.5,276.0,10.0,13.0,3.0,1.2009754838050732
11590.0,41722.37,41722.49849951477,90.5,88.5,18.0,24.0,6.0,0.1447638412703843
11590.0,41722.76,41725.184592032245,278.0,283.5,12.0,30.0,18.0,2.431513445146125
11590.0,41722.82,41722.86062458009,105.5,93.0,30.0,21.0,-9.0,0.4186424102007735
11590.0,41723.25,41723.36003881853,84.0,93.0,15.0,29.0,14.0,0.3195442717111116
11590.0,41723.62,41724.24843904745,77.0,53.5,12.0,16.0,4.0,1.0042642816842038
11590.0,41723.91,41724.05245377858,78.0,88.0,26.0,23.0,-3.0,0.3624971588060849
11590.0,41724.08,41724.04548983502,123.5,126.5,11.0,50.0,39.0,0.10578729359875079
11590.0,41724.12,41724.62349715082,76.5,85.5,37.0,29.0,-8.0,0.5860967333791781
11590.0,41726.2,41726.77436086297,106.5,109.0,17.0,26.0,9.0,0.5803747456231713
11600.0,41741.92,41737.380377358495,312.0,228.5,18.0,23.0,5.0,5.324952410274969
11600.0,41742.01,41742.0539727049,353.0,360.5,26.0,28.0,2.0,0.2538377410401327
11600.0,41742.03,41741.450070102175,258.0,235.0,14.0,22.0,8.0,0.9612993624087521
11600.0,41742.07,41741.12299724066,85.0,125.0,15.0,11.0,-4.0,1.6354179906000492
11600.0,41742.09,41738.91624058469,266.5,134.0,16.0,15.0,-1.0,5.43872165777107
11600.0,41742.1,41738.392135878894,273.0,234.0,12.0,19.0,7.0,3.9291546597932676
11600.0,41742.13,41742.23524200164,40.0,43.5,25.0,22.0,-3.0,0.15712094074554211
11600.0,41742.22,41742.076631367,99.5,100.0,23.0,32.0,9.0,0.1443341356214254
11600.0,41742.23,41739.72998210158,65.5,134.5,19.0,15.0,-4.0,3.397070722321306
11610.0,41744.25,41745.68120433621,107.0,94.5,10.0,30.0,20.0,1.4906230117274324
11610.0,41746.67,41746.60520790021,318.5,328.0,17.0,19.0,2.0,0.32322715537622504
11610.0,41747.31,41747.23249480249,327.0,329.0,25.0,27.0,2.0,0.10223257839378012
11610.0,41747.78,41743.13075173391,323.0,138.5,10.0,19.0,9.0,7.70960501191509
11610.0,41768.79,41769.71425824176,193.5,265.5,12.0,21.0,9.0,2.5718190639032854
11610.0,41768.79,41767.67308657559,158.0,195.5,11.0,35.0,24.0,1.6763041483070809
11610.0,41769.29,41769.18554499555,151.0,158.0,14.0,36.0,22.0,0.25564681183191373
11610.0,41769.32,41770.16829447579,207.0,235.0,13.0,15.0,2.0,1.2612353581989295
11610.0,41769.6,41769.83473715474,207.0,212.0,11.0,14.0,3.0,0.28788766836224694
11610.0,41769.72,41770.815495248,202.5,233.5,36.0,18.0,-18.0,1.5059507349756278
11610.0,41769.86,41771.81986480756,202.5,246.5,13.0,22.0,9.0,2.447893211525641
11610.0,41769.91,41771.42548152951,251.0,350.5,12.0,19.0,7.0,3.646499971762476
11610.0,41770.06,41772.34137162954,125.0,173.0,10.0,23.0,13.0,2.7865133253010512
11610.0,41770.17,41770.88718517969,158.5,167.0,24.0,56.0,32.0,0.7711240884205601
11620.0,41771.61,41771.40946596493,266.5,261.5,10.0,12.0,2.0,0.2607521370968632
11620.0,41771.85,41771.678727644605,87.0,83.0,42.0,30.0,-12.0,0.21705298316286084
11620.0,41771.86,41773.39539597416,109.5,196.5,16.0,19.0,3.0,3.281377880932651
11620.0,41804.18,41800.26951335711,239.0,167.0,19.0,30.0,11.0,4.588235585082685
11620.0,41804.44,41804.879994013616,241.0,241.50000000000003,11.0,21.0,10.0,0.4403095613242969
11620.0,41805.07,41805.27738021002,275.0,272.5,11.0,21.0,10.0,0.22349719450706154
11630.0,41812.07,41811.91785203336,296.5,302.5,10.0,23.0,13.0,0.2512946552414532
11630.0,41812.93,41812.68425286502,284.5,299.5,18.0,26.0,8.0,0.5571280412521623
11630.0,41813.21,41814.05800896017,295.5,298.0,11.0,18.0,7.0,0.8520936808693311
11630.0,41839.82,41839.711065072646,322.0,322.0,16.0,23.0,7.0,0.1089349273534026
11630.0,41839.85,41838.61862082622,312.5,314.0,14.0,17.0,3.0,1.2323938776257586
11640.0,41851.24,41851.05300215341,84.5,85.0,14.0,20.0,6.0,0.18773910729384738
11640.0,41852.07,41851.594375973866,154.0,142.0,14.0,20.0,6.0,0.6214645719877706
11640.0,41852.33,41851.085805301846,134.5,104.0,10.0,14.0,4.0,1.6067456419829262
11650.0,41930.2,41930.218658763886,294.0,297.5,27.0,18.0,-9.0,0.11814931477152225
11660.0,41931.85,41931.43478252175,273.5,292.5,26.0,17.0,-9.0,0.7573088308976885
11660.0,41931.86,41930.10130097666,251.0,258.0,23.0,14.0,-9.0,1.7741101147165346
11670.0,41985.39,41985.30227782056,157.5,163.5,14.0,31.0,17.0,0.2183922635192103
11670.0,41985.4,41985.52423066412,133.0,123.0,12.0,27.0,15.0,0.3557307535471141
11670.0,42010.35,42010.20080846729,55.5,49.0,23.0,20.0,-3.0,0.2630637905064435
11930.0,42952.49,42952.404510219865,205.0,215.0,16.0,16.0,0.0,0.3441215099616148
11990.0,43171.61,43171.65665401431,251.5,234.0,25.0,36.0,11.0,0.5851960140234996
12120.0,43585.01,43584.968114431205,200.5,205.5,15.0,22.0,7.0,0.17184929051701653
12130.0,43608.19,43607.51288458176,120.0,135.5,11.0,19.0,8.0,0.8517216294459786
12130.0,43608.43,43610.66776381847,122.0,129.0,17.0,12.0,-5.0,2.249895853522362
12150.0,43666.96,43665.2252040157,189.5,302.0,11.0,19.0,8.0,4.131829752924604
12150.0,43666.98,43666.92669930992,157.5,158.5,29.0,26.0,-3.0,0.06286552850465137
12150.0,43667.03,43665.21125341683,138.5,133.0,29.0,13.0,-16.0,1.827963414544351
12160.0,43716.94,43717.120481498,240.0,239.5,39.0,22.0,-17.0,0.18124941075113052
12160.0,43734.47,43734.361854658935,273.5,270.0,10.0,22.0,12.0,0.15908024989111183
12160.0,43735.82,43735.62239857334,246.5,248.5,11.0,19.0,8.0,0.2085444035770411
12160.0,43736.56,43736.30544211621,255.0,262.0,29.0,54.0,25.0,0.3453174780452788
12160.0,43736.61,43736.26959726557,131.5,138.0,11.0,29.0,18.0,0.40350770259257335
12160.0,43736.76,43737.60581364244,254.5,144.0,12.0,17.0,5.0,3.779199010660651
12160.0,43736.9,43736.6131104176,135.0,139.0,17.0,33.0,16.0,0.31635962173942284
12160.0,43745.01,43744.91019765195,124.5,129.5,21.0,21.0,0.0,0.19426344600570739
12160.0,43745.15,43745.22085302423,167.5,194.5,13.0,65.0,52.0,0.9027846648243559
12170.0,43746.65,43746.342147159856,147.5,157.0,12.0,24.0,12.0,0.4416459543158027
12170.0,43746.72,43746.443959277145,188.0,189.0,14.0,13.0,-1.0,0.2780460245823383
12170.0,43746.74,43747.2065519988,157.0,194.0,34.0,16.0,-18.0,1.31862878730136
12170.0,43748.02,43747.89428286952,193.0,200.0,25.0,49.0,24.0,0.26504573442962
12170.0,43749.84,43749.56120675064,241.50000000000003,234.0,13.0,29.0,16.0,0.3744671893348136
12170.0,43750.32,43750.80191716035,225.0,227.0,10.0,22.0,12.0,0.4865065198806094
12170.0,43750.69,43750.389677901134,241.0,246.5,16.0,24.0,8.0,0.3518585996957972
12170.0,43751.21,43751.19818589137,221.0,246.0,17.0,13.0,-4.0,0.8334170730235324
12170.0,43752.06,43751.59844725445,240.0,247.0,11.0,26.0,15.0,0.5171802213597234
12170.0,43752.48,43751.9188559765,222.5,239.5,14.0,22.0,8.0,0.7974921480626852
12170.0,43756.83,43757.0733439538,152.0,157.0,12.0,32.0,20.0,0.2949475506403748
12190.0,43814.13,43814.14438517112,264.0,275.5,15.0,28.0,13.0,0.3836031511767768
12230.0,43990.4,43990.26799688544,142.0,141.5,43.0,40.0,-3.0,0.13305111811251316
12230.0,43990.59,43989.8702290709,216.5,226.0,16.0,37.0,21.0,0.7863510463873555
12230.0,43990.9,43990.85913797001,137.0,148.0,21.0,34.0,13.0,0.36893651207166506
12230.0,43990.93,43989.69589254766,220.0,144.0,12.0,37.0,25.0,2.8179423311533514
12230.0,43991.17,43991.85205460528,217.5,213.0,23.0,41.0,18.0,0.6983541254902147
12230.0,43991.46,43991.34908371638,139.5,138.0,40.0,29.0,-11.0,0.1216652044444011
12230.0,43991.53,43992.62153994926,218.0,226.5,16.0,42.0,26.0,1.1277132785444761
12230.0,43991.93,43991.83201592445,133.0,143.5,35.0,37.0,2.0,0.3634568462171014
12230.0,43992.35,43992.32496747293,139.5,137.0,22.0,25.0,3.0,0.08701190640285962
12230.0,43992.39,43993.54832893779,214.0,230.0,38.0,34.0,-4.0,1.275213853658646
12230.0,43992.88,43992.76281264913,133.0,141.5,15.0,35.0,20.0,0.306611566938469
12230.0,43993.5,43993.25876999975,129.0,136.5,16.0,23.0,7.0,0.3474074164711725
12230.0,43993.7,43993.5583482782,199.5,202.0,16.0,32.0,16.0,0.16434614303934356
12230.0,43993.79,43994.1334584181,220.5,238.0,24.0,25.0,1.0,0.6769353460578561
12230.0,43995.31,43995.03720292367,234.5,241.0,12.0,39.0,27.0,0.3483714817527044
12230.0,43995.96,43995.665415567775,234.0,240.50000000000003,32.0,49.0,17.0,0.3656835136468952
12230.0,43996.52,43996.06919498656,279.0,282.5,16.0,22.0,6.0,0.4656568170368954
12230.0,43996.54,43996.23751990556,235.0,240.0,44.0,55.0,11.0,0.34535776422494086
12230.0,43996.91,43996.312664958685,279.5,286.0,27.0,40.0,13.0,0.6354160810301328
12230.0,43997.46,43997.18334564087,279.0,286.5,14.0,29.0,15.0,0.37287750592446206
12230.0,43997.95,43997.588126993694,277.5,283.5,13.0,20.0,7.0,0.41346350829366235
12230.0,43998.88,43998.24539572502,270.0,288.5,18.0,21.0,3.0,0.8848730776781876
12230.0,43999.35,43998.807480722375,279.0,279.0,26.0,24.0,-2.0,0.5425192776237964
12230.0,44000.04,44000.26429281893,280.5,197.5,16.0,14.0,-2.0,2.7757434523147
12230.0,44000.15,43999.26837038153,293.5,289.0,10.0,37.0,27.0,0.8942990462763565
12230.0,44000.45,44001.41751890086,279.5,286.5,23.0,26.0,3.0,0.9952573878006268
12230.0,44000.45,44000.244254138095,67.5,71.5,17.0,31.0,14.0,0.24517164898812854
12230.0,44000.72,44000.64803355688,105.5,108.5,16.0,29.0,13.0,0.12320376997418592
12230.0,44000.85,44000.65805289729,67.5,72.0,16.0,38.0,22.0,0.24360560387134075
12230.0,44001.51,44001.773205485646,280.0,283.5,11.0,23.0,12.0,0.28790317605785687
12230.0,44001.89,44001.79925577073,98.5,102.0,14.0,24.0,10.0,0.1478026598416541
12230.0,44002.79,44001.78923643031,69.0,72.0,13.0,28.0,15.0,1.0057473452200933
12230.0,44002.79,44001.04980910758,85.0,73.0,14.0,21.0,7.0,1.785571152900059
12230.0,44002.82,44002.61783588275,292.0,289.5,14.0,34.0,20.0,0.2186658975392572
12230.0,44002.82,44002.72303895713,93.0,99.0,12.0,22.0,10.0,0.22226435574556944
12230.0,44003.03,44003.40034636928,283.5,289.5,15.0,30.0,15.0,0.4208995524337001
12230.0,44003.16,44001.740141662274,96.5,213.5,14.0,14.0,0.0,4.150421388150754
12230.0,44003.19,44002.95648958883,74.0,73.0,11.0,21.0,10.0,0.23587755983946732
12230.0,44003.31,44002.53868309346,68.5,71.5,11.0,27.0,16.0,0.777772312642402
12230.0,44003.49,44004.0576151006,284.0,288.0,11.0,32.0,21.0,0.5830649022297141
12230.0,44003.65,44003.34023032678,69.5,74.5,23.0,28.0,5.0,0.3517599013899459
12230.0,44003.86,44003.7089420541,104.5,107.5,23.0,31.0,8.0,0.18115877847692172
12230.0,44004.25,44004.12674854947,106.5,108.5,26.0,32.0,6.0,0.14012624487455363
12230.0,44004.35,44008.051324190594,279.5,287.0,10.0,25.0,15.0,3.709757507423513
12230.0,44004.55,44004.41229975134,75.0,73.0,15.0,31.0,16.0,0.1529895516894616
12230.0,44004.75,44004.72490317233,106.5,107.0,37.0,36.0,-1.0,0.030126873995118108
12230.0,44005.2,44003.37028834803,110.0,190.0,29.0,11.0,-18.0,3.234030896645611
12230.0,44005.39,44005.45431115465,77.0,78.5,22.0,31.0,9.0,0.08146118469997357
12230.0,44005.39,44005.12567678899,92.5,110.0,11.0,25.0,14.0,0.6404252787439065
12230.0,44005.44,44005.64167282044,105.0,107.0,25.0,41.0,16.0,0.21240614621194406
12230.0,44005.8,44005.84205962876,75.5,77.0,22.0,35.0,13.0,0.06533767956783859
12230.0,44006.21,44007.17964157436,173.5,234.0,13.0,17.0,4.0,2.237666022258919
12230.0,44006.22,44009.33981136815,77.0,294.5,30.0,30.0,0.0,7.892763962821354
12230.0,44006.51,44006.927154195866,80.5,80.0,25.0,38.0,13.0,0.4174870068693239
12230.0,44007.92,44008.356914073294,282.5,287.0,17.0,11.0,-6.0,0.4619457840960995
12230.0,44008.22,44011.29558661744,76.5,253.0,21.0,16.0,-5.0,6.638738144592491
12230.0,44008.49,44011.21342802603,78.5,208.0,15.0,15.0,0.0,5.103985827182674
12230.0,44008.7,44008.49217516892,57.0,70.0,17.0,37.0,20.0,0.4805922785384865
12230.0,44008.81,44008.90296812599,95.0,99.0,28.0,28.0,0.0,0.1625449175729345
12230.0,44008.99,44012.99486675207,65.5,103.5,53.0,15.0,-38.0,4.2004049978925195
12230.0,44009.15,44009.23460829377,98.0,102.0,38.0,26.0,-12.0,0.1579124477446101
12230.0,44009.18,44012.60411247583,79.0,256.0,13.0,13.0,0.0,6.821623431933929
12230.0,44009.72,44009.793687489015,102.5,107.5,24.0,28.0,4.0,0.18222959094202562
12230.0,44011.93,44011.85166001055,275.0,278.5,15.0,23.0,8.0,0.14052852044378622
12230.0,44012.39,44012.55802350991,104.5,109.0,17.0,33.0,16.0,0.2252374300225299
12230.0,44013.5,44013.639110340846,101.0,108.5,12.0,17.0,5.0,0.28609733820900046
12240.0,44019.64,44019.64406202011,74.5,77.0,29.0,43.0,14.0,0.08343227464131844
12240.0,44019.83,44018.86887105563,283.5,249.5,11.0,13.0,2.0,1.486005818343986
12240.0,44020.12,44019.91941942835,75.5,77.5,23.0,32.0,9.0,0.21136936904306008
12240.0,44020.91,44020.7085777976,78.0,74.0,13.0,24.0,11.0,0.24155471719217586
12240.0,44021.03,44021.02883043543,287.0,296.0,13.0,37.0,24.0,0.30000227979346256
12240.0,44021.34,44022.83262099371,77.0,78.5,24.0,20.0,-4.0,1.493458211958849
12240.0,44021.8,44023.40528458909,69.0,80.0,16.0,25.0,9.0,1.646627783200636
12240.0,44023.6,44023.34941497003,241.50000000000003,252.5,12.0,23.0,11.0,0.44411406382836127
12240.0,44023.61,44024.49174914549,235.5,249.5,11.0,16.0,5.0,0.9976268507565506
12240.0,44023.67,44021.99457670778,284.5,296.5,11.0,13.0,2.0,1.7225107280087595
12240.0,44024.02,44023.89314608412,284.0,296.5,15.0,24.0,9.0,0.43554910984240736
12240.0,44024.62,44025.20608213207,277.5,262.5,15.0,11.0,-4.0,0.770384492009557
12240.0,44024.63,44024.86487838708,291.0,294.0,11.0,21.0,10.0,0.2552799575351069
12240.0,44026.71,44026.540966958935,69.5,77.0,14.0,25.0,11.0,0.30178165777807064
12240.0,44026.77,44026.74050131273,52.5,60.5,17.0,17.0,0.0,0.26829327919589085
12240.0,44027.28,44027.24831624313,71.0,78.0,19.0,25.0,6.0,0.23547463747443242
12240.0,44028.1,44028.0075444593,72.5,76.0,10.0,25.0,15.0,0.14885945759868024
12240.0,44029.89,44029.74249566553,282.5,291.5,10.0,20.0,10.0,0.33430155352187063
12240.0,44031.61,44030.64937930351,68.5,75.5,10.0,24.0,14.0,0.9885527638763493
12240.0,44032.53,44031.431553970375,70.5,74.0,15.0,24.0,9.0,1.1046242759906661
12240.0,44033.17,44033.41791846238,280.5,291.0,15.0,20.0,5.0,0.4289097387437635
12240.0,44033.39,44031.7587903106,68.5,69.5,10.0,26.0,16.0,1.6315502327207585
12240.0,44033.82,44033.457825333135,70.5,74.0,11.0,36.0,25.0,0.3805017745423887
12240.0,44033.97,44033.25729330757,70.0,133.5,12.0,12.0,0.0,2.2334342630154946
12240.0,44035.69,44035.00222123148,65.5,77.5,14.0,27.0,13.0,0.7956378789564972
12240.0,44037.15,44037.10730866399,106.5,106.5,11.0,19.0,8.0,0.04269133601337671
12240.0,44038.19,44038.00421558429,115.0,116.0,13.0,21.0,8.0,0.1887510535942178
12240.0,44041.06,44040.76277802546,303.5,304.5,17.0,35.0,18.0,0.2990852942852877
12240.0,44047.57,44047.473118343485,226.0,223.0,16.0,28.0,12.0,0.13923381546525365
12240.0,44048.1,44048.08169812255,235.5,241.50000000000003,24.0,28.0,4.0,0.2008356510137459
12240.0,44048.58,44048.70723832169,235.5,240.50000000000003,15.0,24.0,9.0,0.2096839724040483
12240.0,44049.13,44049.221039282704,235.5,240.50000000000003,10.0,24.0,14.0,0.18991031771197123
12240.0,44049.38,44049.71887749542,220.5,217.0,11.0,23.0,12.0,0.3583979185410244
12240.0,44051.3,44051.32911973052,157.5,146.0,17.0,18.0,1.0,0.3844377753941185
12240.0,44053.34,44053.34840739089,340.5,348.0,10.0,21.0,11.0,0.2501413284958257
12240.0,44053.38,44053.43720017833,294.0,313.5,11.0,17.0,6.0,0.6525119618833892
12240.0,44053.38,44053.35539109328,153.5,162.0,10.0,14.0,4.0,0.2844000282480399
12240.0,44053.4,44054.2093981275,164.5,173.5,14.0,14.0,0.0,0.8632064230547083
12240.0,44053.43,44053.41724674295,97.0,90.5,11.0,18.0,7.0,0.21704167804771984
12250.0,44055.16,44054.35306286223,229.0,238.5,13.0,23.0,10.0,0.8668479232786842
12250.0,44055.17,44055.20942041997,318.5,310.5,19.0,18.0,-1.0,0.2695646130738665
12250.0,44055.17,44054.858665519474,349.0,342.0,26.0,17.0,-9.0,0.3890676075025278
12250.0,44055.18,44055.08150980098,243.5,248.5,11.0,17.0,6.0,0.1935926059574863
12250.0,44055.2,44053.39130727696,215.0,254.0,14.0,21.0,7.0,2.2274131557429593
12270.0,44126.39,44126.12544578976,147.5,158.5,29.0,31.0,2.0,0.4521430908464328
12270.0,44126.41,44125.58418514022,185.0,161.0,41.0,38.0,-3.0,1.149769621548591
12280.0,44170.48,44170.71433308439,169.5,153.5,11.0,31.0,20.0,0.5825430789930633
12280.0,44171.07,44171.03166542197,206.0,180.5,11.0,34.0,23.0,0.8508639961078428
12280.0,44171.29,44171.97073039582,169.0,159.5,13.0,19.0,6.0,0.7507806933920375
12280.0,44173.18,44173.2798506348,162.0,143.0,13.0,27.0,14.0,0.6411561903159435
12280.0,44204.7,44204.486849887966,126.0,131.5,10.0,25.0,15.0,0.2811477927532074
12310.0,44286.72,44286.69637502187,148.5,127.5,11.0,25.0,14.0,0.7003985576738776
12410.0,44708.24,44707.51149711373,191.0,202.5,49.0,12.0,-37.0,0.8232016154899081
12410.0,44708.56,44707.09083589475,176.5,200.0,31.0,18.0,-13.0,1.664948731721833
12410.0,44708.64,44706.12231351675,161.5,176.5,11.0,13.0,2.0,2.56685512406177
12410.0,44708.99,44707.10385636105,144.0,147.0,28.0,16.0,-12.0,1.8887926902514254
12410.0,44709.36,44707.93616463003,160.5,179.0,13.0,38.0,25.0,1.5516394357431826
12410.0,44709.39,44707.48846090411,145.0,148.0,23.0,15.0,-8.0,1.9041667293575475
12420.0,44709.76,44706.43079841068,144.5,174.0,10.0,15.0,5.0,3.471386994675388
12420.0,44710.0,44710.06316094005,192.0,188.0,29.0,30.0,1.0,0.147536714501781
12420.0,44710.66,44710.49967679445,149.0,174.5,26.0,13.0,-13.0,0.8649875896450773
12420.0,44710.93,44710.99883615416,197.5,201.5,16.0,26.0,10.0,0.15005396994924816
12420.0,44710.94,44710.83278114804,146.5,148.5,14.0,27.0,13.0,0.12625500647616394
12420.0,44711.28,44711.4691596146,145.5,150.0,17.0,36.0,19.0,0.2414153263490045
12420.0,44712.17,44711.93550570962,144.5,150.0,13.0,16.0,3.0,0.29765530959816106
12420.0,44712.32,44713.02530383361,162.5,203.5,11.0,19.0,8.0,1.5379308422296563
12420.0,44712.44,44712.31037240008,197.5,203.0,12.0,21.0,9.0,0.22453156965548832
12420.0,44712.73,44713.42005735114,163.0,204.0,10.0,24.0,14.0,1.530998669377833
12420.0,44712.78,44712.22883640905,144.5,146.0,35.0,26.0,-9.0,0.5534268732078325
12420.0,44713.31,44712.84532804853,140.5,137.0,15.0,38.0,23.0,0.4790940759341604
12420.0,44718.12,44718.10738249388,214.0,216.5,19.0,48.0,29.0,0.08428312942228439
12420.0,44718.82,44718.88694611542,201.5,207.5,23.0,45.0,22.0,0.21090704675163488
12420.0,44718.83,44717.99701060359,141.0,126.0,12.0,17.0,5.0,0.9715304084449197
12420.0,44719.04,44718.90384991843,145.0,147.0,30.0,30.0,0.0,0.15159580850322923
12420.0,44719.18,44719.23595993067,199.5,205.0,35.0,44.0,9.0,0.1916836585418452
12420.0,44719.8,44719.85245157014,198.5,203.5,72.0,49.0,-23.0,0.17472534157335493
12420.0,44719.83,44719.885264834826,150.0,142.5,34.0,35.0,1.0,0.2560355482508496
12420.0,44720.24,44720.31581464111,199.5,204.5,24.0,37.0,13.0,0.18310007532603748
12420.0,44720.57,44721.67010756525,152.0,206.5,11.0,12.0,1.0,2.1237971732028997
12420.0,44720.86,44722.18517638662,151.0,207.0,19.0,17.0,-2.0,2.2892218983974444
12420.0,44721.2,44721.88488529772,150.0,146.5,13.0,19.0,6.0,0.6947510216935017
12420.0,44721.42,44723.15465920677,138.0,136.5,17.0,15.0,-2.0,1.7353796597952147
12420.0,44725.74,44724.88282448001,127.5,137.5,33.0,36.0,3.0,0.9197070094210474
12420.0,44745.1,44745.02121992251,232.0,235.5,19.0,19.0,0.0,0.14077432905070036
12420.0,44745.65,44745.63771156198,243.5,234.0,18.0,22.0,4.0,0.31690500703949204
12420.0,44745.84,44745.72223057708,110.5,105.5,28.0,27.0,-1.0,0.20407698241710484
12420.0,44747.51,44747.22666904567,92.5,102.5,10.0,31.0,21.0,0.43747861752934614
12420.0,44747.53,44747.12822925163,127.0,232.5,10.0,27.0,17.0,3.5395429335842956
12420.0,44747.59,44747.07950652528,227.0,253.0,14.0,14.0,0.0,1.0058402948961906
12420.0,44747.74,44747.7188680159,331.0,346.0,27.0,16.0,-11.0,0.5004463615132512
12420.0,44747.78,44752.71062683157,41.5,139.5,11.0,21.0,10.0,5.914574546263928
12420.0,44747.8,44751.34928574976,115.0,134.5,29.0,14.0,-15.0,3.6083139183619237
12420.0,44747.82,44749.17492152187,76.0,88.0,31.0,19.0,-12.0,1.4127322217732308
12420.0,44748.55,44748.22200474102,289.5,298.5,10.0,31.0,21.0,0.44450071981202693
12430.0,44748.78,44747.69599816476,291.5,317.0,11.0,16.0,5.0,1.377519502149391
12430.0,44748.96,44747.9048098491,288.5,259.5,14.0,11.0,-3.0,1.4310383289786701
12430.0,44749.04,44747.63733202488,303.5,378.5,14.0,24.0,10.0,2.8666142831611516
12430.0,44749.62,44749.49435901257,258.5,263.5,12.0,29.0,17.0,0.20871855571786854
12430.0,44749.72,44754.37249788903,262.5,236.5,10.0,13.0,3.0,4.732530794251802
12430.0,44750.18,44752.7424710674,254.0,240.0,18.0,11.0,-7.0,2.604618158012756
12430.0,44750.31,44754.72776014503,276.5,240.50000000000003,14.0,18.0,4.0,4.577838430860652
12430.0,44750.45,44753.26491556152,257.5,238.5,10.0,36.0,26.0,2.8852834747429843
12430.0,44750.63,44755.41042095068,266.5,238.0,10.0,11.0,1.0,4.873902385737176
12430.0,44753.31,44753.62813887647,233.0,233.0,16.0,18.0,2.0,0.31813887647149386
12430.0,44753.77,44757.90422266925,228.5,241.0,11.0,12.0,1.0,4.155166445529638
12430.0,44765.68,44765.32890527989,236.0,239.0,14.0,26.0,12.0,0.36505821794867477
12430.0,44766.23,44766.19765583867,239.0,240.50000000000003,15.0,33.0,18.0,0.05954951530074028
12430.0,44766.7,44764.08797521482,239.0,192.0,12.0,18.0,6.0,3.045836161522252
12430.0,44766.82,44766.73303705359,238.5,243.5,15.0,37.0,22.0,0.18799024396372194
12430.0,44767.03,44766.984805543136,214.0,211.5,10.0,24.0,14.0,0.09479970134760557
12430.0,44767.34,44766.95495157204,217.0,142.0,14.0,19.0,5.0,2.529478660093744
12430.0,44768.04,44768.009791883975,230.5,237.0,35.0,60.0,25.0,0.21876237043489935
12430.0,44768.47,44768.36903466945,230.5,229.0,27.0,50.0,23.0,0.11266764386212717
12430.0,44768.79,44768.67255004222,128.0,132.0,18.0,24.0,6.0,0.17768587552465098
12430.0,44769.42,44769.36814756867,136.5,141.5,11.0,21.0,10.0,0.17454641907707502
12430.0,44769.92,44769.91248497491,235.0,242.50000000000003,47.0,79.0,32.0,0.25011292569963034
12430.0,44770.95,44770.87278771172,141.5,145.0,15.0,25.0,10.0,0.13990299700905665
12430.0,44770.99,44770.97031068395,234.0,240.0,35.0,69.0,34.0,0.2009668359863787
12430.0,44771.62,44771.58729275319,235.5,242.0,15.0,48.0,33.0,0.2191214467790972
12430.0,44774.5,44771.83309044852,116.5,143.0,14.0,17.0,3.0,2.809392164429384
12430.0,44784.03,44784.09909203795,34.5,36.0,14.0,23.0,9.0,0.08528604638502137
12430.0,44784.68,44784.43843217603,379.0,389.0,10.0,23.0,13.0,0.4116626345551723
12430.0,44788.3,44787.92239060249,60.5,65.5,14.0,21.0,7.0,0.41275493318169454
12430.0,44788.44,44788.385127154426,333.5,341.0,18.0,41.0,23.0,0.2559512242236998
12430.0,44788.67,44788.51648462723,54.0,60.5,12.0,13.0,1.0,0.26553985410917835
12440.0,44827.88,44827.78865557296,187.5,184.0,14.0,18.0,4.0,0.1481719118542388
12440.0,44827.99,44828.0338417531,110.5,117.5,44.0,26.0,-18.0,0.23741639319912586
12440.0,44827.99,44829.90903501751,128.0,124.0,34.0,12.0,-22.0,1.9236613985355853
12460.0,44869.77,44869.82158443622,204.0,196.5,19.0,22.0,3.0,0.25526643739531374
12460.0,44908.13,44908.128516375735,237.5,222.5,11.0,21.0,10.0,0.5000022011361076
12470.0,44909.82,44909.85398312532,158.0,135.5,20.0,28.0,8.0,0.7507695071103173
12480.0,44987.97,44989.68153234875,65.5,118.5,13.0,16.0,3.0,2.4597670808304026
12490.0,44989.6,44989.55029337532,238.0,259.0,15.0,24.0,9.0,0.7017626012667041
12490.0,45010.92,45010.95727340881,248.00000000000003,238.5,19.0,23.0,4.0,0.31885276348496294
12500.0,45034.21,45034.32685077544,270.0,257.0,16.0,36.0,20.0,0.4488116325352278
12500.0,45039.78,45038.7522088105,230.5,225.0,12.0,18.0,6.0,1.0440142912410886
12500.0,45044.49,45039.62933364664,200.0,220.5,10.0,21.0,11.0,4.908464305982566
12500.0,45068.0,45069.70581868364,198.0,135.0,12.0,11.0,-1.0,2.705516102602926
12500.0,45068.11,45067.96950530559,179.0,172.5,11.0,22.0,11.0,0.2582309113983889
12510.0,45070.0,45070.092077728325,186.0,173.0,19.0,29.0,10.0,0.44300799747993325
12510.0,45070.04,45070.04317154436,213.5,194.5,18.0,20.0,2.0,0.633341274357475
12510.0,45072.89,45072.829825944245,227.0,219.5,44.0,26.0,-18.0,0.2571398782489589
12510.0,45073.14,45073.18714051271,231.5,319.0,23.0,12.0,-11.0,2.917047595152161
12510.0,45074.18,45074.11336375164,229.0,206.5,29.0,35.0,6.0,0.7529544405842852
12510.0,45074.45,45075.26315811721,214.0,209.0,25.0,32.0,7.0,0.830062588825067
12510.0,45075.29,45075.84204764154,227.0,208.5,28.0,13.0,-15.0,0.8276680350890134
12510.0,45076.53,45076.51076485068,219.5,211.5,22.0,28.0,6.0,0.2673594997009769
12510.0,45077.5,45077.472919163534,223.0,214.5,14.0,20.0,6.0,0.28462457638345773
12510.0,45083.16,45083.050220304845,174.5,174.0,17.0,42.0,25.0,0.1110376478802394
12510.0,45083.29,45082.89252281373,194.0,206.5,14.0,15.0,1.0,0.5758465287874465
12510.0,45083.69,45084.82781037869,196.0,207.0,30.0,17.0,-13.0,1.1954316803092426
12510.0,45084.03,45084.7818984509,192.5,183.0,21.0,16.0,-5.0,0.8158609307011454
12510.0,45084.2,45086.90083372704,171.0,141.0,11.0,11.0,0.0,2.8800178508380645
12510.0,45084.49,45084.35272173458,227.0,234.0,11.0,25.0,14.0,0.2707208277905816
12510.0,45085.76,45085.64025188352,266.5,248.00000000000003,14.0,26.0,12.0,0.6281857919275022
12510.0,45086.74,45086.23610885943,232.0,208.5,10.0,20.0,10.0,0.9314061373270649
12510.0,45088.2,45087.19526891613,233.5,227.0,10.0,23.0,13.0,1.0278273178536108
12510.0,45088.77,45088.16141557053,232.0,225.0,20.0,19.0,-1.0,0.6517817519933135
12510.0,45089.11,45088.71136061865,214.5,214.5,20.0,27.0,7.0,0.3986393813538598
12510.0,45089.79,45089.16349329885,210.0,199.0,23.0,32.0,9.0,0.7259167245821043
12510.0,45090.11,45089.82123156874,205.0,185.0,20.0,38.0,18.0,0.7265202346365016
12510.0,45090.29,45089.34714101002,203.0,143.5,15.0,16.0,1.0,2.1960405702317587
12510.0,45090.43,45091.73755551136,215.0,328.5,11.0,14.0,3.0,4.0029130051003605
12510.0,45090.54,45091.039893826,209.5,196.0,24.0,14.0,-10.0,0.6726022875882062
12530.0,45150.07,45150.1118036054,55.5,37.0,10.0,21.0,11.0,0.6180819680289186
12530.0,45178.24,45178.247815925344,63.0,48.0,19.0,35.0,16.0,0.5000610849576457
12530.0,45178.47,45180.41972914213,83.5,153.5,11.0,15.0,4.0,3.0407052096692206
12530.0,45180.05,45179.98434791798,82.5,68.5,16.0,24.0,8.0,0.47126210716676115
12530.0,45180.41,45180.44968656581,87.0,93.5,20.0,13.0,-7.0,0.22027135072396511
12530.0,45180.43,45183.17558615723,172.0,224.0,10.0,14.0,4.0,3.246950537230493
12530.0,45180.5,45183.19257774177,114.0,132.0,13.0,12.0,-1.0,2.7586182946323565
12540.0,45183.14,45183.15259754286,51.5,36.5,14.0,17.0,3.0,0.500158672909018
12540.0,45197.18,45197.076701318576,92.5,77.5,39.0,30.0,-9.0,0.5105591225157073
12540.0,45197.62,45199.175661761394,108.0,118.0,14.0,15.0,1.0,1.5909728555087133
12540.0,45200.05,45199.48051077809,59.0,46.5,14.0,16.0,2.0,0.705640903706444
12540.0,45200.57,45199.969268709785,60.0,44.0,10.0,21.0,11.0,0.8033196919580191
12540.0,45204.09,45200.297106340855,49.99999999999999,121.0,10.0,16.0,6.0,4.470699433049299
12540.0,45204.4,45203.63845146483,39.0,53.0,24.0,18.0,-6.0,0.8931595317738402
12550.0,45205.01,45204.888506275325,52.0,38.0,11.0,20.0,9.0,0.482222462058363
12550.0,45205.06,45201.51950092255,66.5,113.0,15.0,13.0,-2.0,3.864923507316588
12550.0,45205.47,45202.978778182805,130.5,111.0,14.0,11.0,-3.0,2.5746234952847313
12550.0,45205.82,45203.50051977859,133.0,122.5,18.0,20.0,2.0,2.3457383693681426
12550.0,45206.21,45206.25940705604,85.0,88.5,11.0,24.0,13.0,0.12669715189165326
12550.0,45206.69,45204.712800672,131.5,110.0,26.0,18.0,-8.0,2.1030759125050014
12550.0,45209.49,45205.42554995553,115.5,108.5,21.0,21.0,0.0,4.07114217492167
12550.0,45210.29,45209.43799090819,110.5,99.0,17.0,26.0,9.0,0.9342718752972287
12550.0,45222.48,45222.39752001186,128.5,108.5,22.0,33.0,11.0,0.6717495015917805
12550.0,45238.94,45240.72649323056,175.5,54.5,10.0,11.0,1.0,4.411273720890037
12560.0,45246.27,45246.3081952618,164.5,135.0,22.0,20.0,-2.0,0.9840748561307514
12560.0,45246.5,45246.14946582164,146.0,104.0,34.0,15.0,-19.0,1.443216619291329
12590.0,45370.38,45370.4738065992,178.0,185.0,13.0,54.0,41.0,0.2514838414255794
12590.0,45370.46,45371.02990576124,179.5,194.0,12.0,19.0,7.0,0.7472641352359232
12590.0,45370.62,45371.899030387845,189.5,241.0,24.0,12.0,-12.0,2.140762288875095
12590.0,45371.02,45370.93821916105,128.5,137.0,12.0,15.0,3.0,0.29489978534533867
12710.0,45748.36,45748.49640012998,120.0,159.5,19.0,25.0,6.0,1.3237130000758768
12710.0,45748.38,45748.68951108556,188.5,202.0,15.0,17.0,2.0,0.5461658283776656
12710.0,45748.42,45748.64748693979,101.0,117.0,11.0,20.0,9.0,0.5798230352631989
12710.0,45748.44,45748.64348464019,90.5,91.0,20.0,21.0,1.0,0.20416605146307884
12720.0,45812.87,45812.12132480315,147.5,164.5,10.0,19.0,9.0,0.9389492326504462
12730.0,45814.21,45813.19816917265,98.0,171.0,13.0,23.0,10.0,2.6353202337270956
12780.0,46022.48,46022.40509276254,228.0,214.5,27.0,35.0,8.0,0.4561919488810701
12790.0,46024.29,46024.11242403109,228.0,217.0,14.0,31.0,17.0,0.40740357040577346
12790.0,46044.18,46043.95722875361,161.5,146.0,17.0,30.0,13.0,0.5626468454228083
12800.0,46082.37,46081.883925122274,167.0,151.0,23.0,43.0,20.0,0.7216046224927957
12800.0,46082.84,46082.781831475455,134.0,117.5,11.0,19.0,8.0,0.5530674255887255
12800.0,46083.07,46083.30619280518,157.0,142.5,34.0,33.0,-1.0,0.5379573889551452
12800.0,46083.57,46084.53469649197,159.5,115.5,13.0,20.0,7.0,1.7554915074524926
12800.0,46083.89,46084.04329501725,134.0,116.5,15.0,18.0,3.0,0.6031394035301949
12800.0,46084.42,46084.43282057648,160.0,153.0,17.0,30.0,13.0,0.23368528328898047
12800.0,46084.47,46085.67530723206,133.5,115.5,14.0,27.0,13.0,1.3463898111788897
12800.0,46084.84,46086.04885225552,134.0,115.5,24.0,15.0,-9.0,1.3570562086570708
12800.0,46085.0,46085.38066610392,161.5,156.0,12.0,49.0,37.0,0.42251366106267635
12800.0,46085.42,46086.93976712431,164.0,144.5,11.0,48.0,37.0,1.6529343943873227
12800.0,46085.63,46087.23840338638,133.0,114.0,15.0,23.0,8.0,1.7286042243476045
12800.0,46085.72,46086.47433402021,164.5,154.0,10.0,59.0,49.0,0.8315767036457324
12800.0,46085.98,46087.640913130905,134.5,115.0,11.0,19.0,8.0,1.7835729389068729
12800.0,46086.64,46088.04442165893,152.5,146.5,10.0,38.0,28.0,1.418590919214139
12800.0,46087.28,46089.29589736588,133.0,115.5,31.0,21.0,-10.0,2.098599525291596
12800.0,46087.32,46088.67065890414,162.5,147.5,20.0,46.0,26.0,1.4402359096133321
12800.0,46087.61,46089.0242282579,162.0,144.5,19.0,35.0,16.0,1.5298102311118056
12800.0,46087.73,46089.85621490106,133.0,115.0,10.0,15.0,5.0,2.209250960276263
12800.0,46087.97,46090.24973559423,134.5,115.5,13.0,15.0,2.0,2.366073855718721
12800.0,46088.33,46089.55158593808,159.0,146.5,14.0,36.0,22.0,1.2906910223709573
12800.0,46088.52,46089.860210035,159.0,148.0,16.0,31.0,15.0,1.3894629834498053
12800.0,46088.55,46091.31443878944,135.0,114.0,10.0,20.0,10.0,2.851687539082611
12800.0,46088.91,46090.66622830755,161.5,143.5,13.0,13.0,0.0,1.8558927415735196
12800.0,46089.17,46090.33163584001,160.0,151.5,11.0,22.0,11.0,1.195690429242142
12800.0,46089.45,46091.84579160356,135.0,115.5,17.0,16.0,-1.0,2.4824015403865083
12800.0,46089.51,46091.1346577621,159.0,146.0,12.0,31.0,19.0,1.6814549121891944
12800.0,46089.83,46094.26085007076,162.0,144.5,13.0,21.0,8.0,4.46908381296363
12800.0,46090.03,46092.52096923955,134.0,117.0,16.0,17.0,1.0,2.554611294014502
12800.0,46090.2,46094.860120161866,159.5,152.5,19.0,21.0,2.0,4.665958033190988
12800.0,46091.38,46092.72372228704,139.5,143.5,14.0,38.0,24.0,1.3503212071466877
12800.0,46091.93,46094.03812135356,135.0,117.0,14.0,21.0,7.0,2.191842978255421
12800.0,46092.64,46095.71507882519,135.0,147.5,10.0,21.0,11.0,3.1031791589017366
12800.0,46092.77,46097.03946572656,162.0,235.5,11.0,20.0,9.0,4.922482868458949
12800.0,46093.11,46097.80653144317,163.5,188.5,13.0,24.0,11.0,4.769890149799515
12800.0,46093.56,46097.98631247051,133.0,156.5,11.0,26.0,15.0,4.495092123383703
12800.0,46093.63,46097.27218227861,148.5,157.5,17.0,21.0,4.0,3.6545166233923916
12800.0,46093.88,46098.34687330867,158.0,200.5,19.0,20.0,1.0,4.686139306527065
12800.0,46094.04,46098.50767744979,134.5,153.0,16.0,28.0,12.0,4.510035429251238
12800.0,46094.46,46099.40558380297,156.0,136.5,15.0,14.0,-1.0,4.9881157917774654
12800.0,46094.64,46096.21646813476,157.5,156.5,11.0,22.0,11.0,1.5768205005695133
12800.0,46102.96,46103.12405471833,191.5,179.0,22.0,23.0,1.0,0.4478002475645075
12800.0,46103.01,46103.18997442836,216.5,200.5,14.0,29.0,15.0,0.5628811946641953
12820.0,46183.34,46183.232105813,212.5,197.0,12.0,26.0,14.0,0.5278120878047864
12820.0,46183.35,46183.24807278064,102.5,78.0,60.0,23.0,-37.0,0.8230027961621297
12820.0,46183.39,46183.37580852175,121.0,128.0,40.0,18.0,-22.0,0.23376450222261122
12820.0,46183.42,46183.232105813,180.0,144.5,15.0,11.0,-4.0,1.1981577539234334
12830.0,46204.85,46204.8607598088,171.0,151.0,16.0,16.0,0.0,0.6667534911268577
12830.0,46204.95,46204.64785525792,203.5,191.5,15.0,27.0,12.0,0.501289781627557
12830.0,46205.43,46205.421508414656,203.5,191.5,10.0,22.0,12.0,0.40009012362423335
12830.0,46207.43,46207.80943786098,189.5,142.5,25.0,13.0,-12.0,1.611960773341252
12830.0,46207.43,46206.34009659431,206.0,193.0,15.0,26.0,11.0,1.1728884053987174
12830.0,46208.09,46208.15728191596,186.5,171.5,23.0,27.0,4.0,0.5045065472479985
12830.0,46208.5,46209.097860237,195.0,169.0,20.0,15.0,-5.0,1.0528760487818736
12830.0,46208.59,46208.5900878809,158.5,142.5,10.0,20.0,10.0,0.5333333405736951
12840.0,46226.61,46226.48891165395,177.0,160.0,12.0,30.0,18.0,0.5794596609434053
12840.0,46237.96,46234.27928822713,185.0,265.0,12.0,13.0,1.0,4.545189794281164
12840.0,46238.56,46237.76346150035,149.0,137.0,13.0,13.0,0.0,0.8913324752436986
12840.0,46239.28,46237.99534164106,179.5,148.5,15.0,35.0,20.0,1.64867367206991
12840.0,46239.99,46240.33006614805,182.5,130.0,18.0,14.0,-4.0,1.7827352537753032
12840.0,46240.18,46241.01575463284,193.0,171.5,12.0,30.0,18.0,1.1009527316945935
12840.0,46240.84,46240.78387449212,163.5,147.5,15.0,20.0,5.0,0.5362783951262078
12840.0,46240.92,46242.9354833515,179.0,161.5,16.0,15.0,-1.0,2.0982018296553537
12840.0,46241.1,46245.54090055495,189.5,185.5,13.0,16.0,3.0,4.442901700101179
12840.0,46241.41,46246.37387771282,179.5,268.0,15.0,16.0,1.0,5.774303589850585
12840.0,46250.23,46248.91062654841,293.0,275.5,15.0,20.0,5.0,1.4425755032414431
12840.0,46251.8,46248.29062085026,297.5,268.0,11.0,14.0,3.0,3.6445420097851042
12840.0,46251.97,46249.61223813298,296.5,273.5,18.0,30.0,12.0,2.479277878611309
12840.0,46252.16,46251.99274155188,290.5,277.5,15.0,36.0,21.0,0.4644923747978833
12840.0,46252.34,46250.09291670795,293.0,165.0,12.0,17.0,5.0,4.8222222849874505
12840.0,46252.56,46253.88360965216,302.0,281.5,33.0,15.0,-18.0,1.4895928825517673
12840.0,46252.69,46252.91031017739,295.5,136.0,24.0,11.0,-13.0,5.321229277028361
12840.0,46253.28,46255.36545312654,294.5,279.0,21.0,18.0,-3.0,2.148501614486946
12840.0,46253.47,46254.24287459122,290.0,276.5,14.0,16.0,2.0,0.8943350232151517
12840.0,46257.04,46256.871181250615,281.0,272.0,13.0,34.0,21.0,0.3442379556993927
12840.0,46257.06,46256.35169011991,297.0,272.5,16.0,13.0,-3.0,1.0810399301935811
12840.0,46263.56,46263.41358487761,133.5,111.0,47.0,21.0,-26.0,0.7641579601514775
12840.0,46263.59,46263.42751758993,228.0,203.5,20.0,20.0,0.0,0.8326733921683291
12840.0,46263.61,46259.15614607075,284.0,273.0,19.0,15.0,-4.0,4.468921488180596
12840.0,46263.64,46263.65840253691,264.0,271.0,18.0,26.0,8.0,0.23405789413974143
12840.0,46263.64,46263.53201293231,41.0,31.000000000000004,15.0,20.0,5.0,0.35038880960965757
12840.0,46263.7,46263.60665246259,239.5,250.5,12.0,23.0,11.0,0.37836253406467624
12850.0,46265.37,46265.26430811349,76.0,61.0,13.0,12.0,-1.0,0.5110487010793993
12850.0,46265.37,46265.3232493778,240.50000000000003,229.0,37.0,22.0,-15.0,0.38617362043643755
12850.0,46265.38,46265.44512792434,111.0,112.5,26.0,21.0,-5.0,0.08210753028040986
12850.0,46265.38,46265.3921806869,94.0,96.0,10.0,18.0,8.0,0.06777030011576972
12850.0,46265.39,46265.66790592334,134.5,156.0,18.0,14.0,-4.0,0.7686630037542542
12850.0,46265.42,46265.4421309109,300.5,270.0,17.0,18.0,1.0,1.0169075121802105
12850.0,46272.68,46273.25234793429,217.5,191.0,32.0,25.0,-7.0,1.0525492556961338
12850.0,46272.75,46275.83477451468,239.0,196.5,21.0,27.0,6.0,3.394521800029634
12850.0,46272.81,46276.8048078646,257.0,195.0,12.0,20.0,8.0,4.497732871816593
12850.0,46273.2,46273.75384818317,204.5,197.5,15.0,24.0,9.0,0.6009927241249863
12850.0,46273.76,46274.19940418118,213.0,191.5,11.0,27.0,16.0,0.8406468613786279
12850.0,46274.2,46274.76983573917,206.5,206.0,20.0,28.0,8.0,0.5700794220260951
12850.0,46274.79,46276.30730363364,222.0,192.0,20.0,18.0,-2.0,1.8171984802609729
12850.0,46284.58,46283.64199452464,183.5,174.0,12.0,26.0,14.0,0.9900161865293702
12850.0,46284.67,46285.03860278745,181.5,170.0,22.0,28.0,6.0,0.5318011464451796
12850.0,46285.7,46285.093548033845,206.0,233.0,18.0,33.0,15.0,1.0852575672391844
12850.0,46286.12,46287.05059780985,166.5,197.0,13.0,18.0,5.0,1.3782682593773654
12850.0,46286.21,46286.07057441513,271.5,276.5,15.0,24.0,9.0,0.21729535543728867
12850.0,46286.75,46285.84779641613,278.0,354.0,13.0,11.0,-2.0,2.6891911580489274
12850.0,46286.84,46286.807839721245,273.5,355.5,21.0,12.0,-9.0,2.733522524992339
12850.0,46287.18,46287.55909109009,191.5,196.5,10.0,30.0,20.0,0.4141108937959522
12850.0,46288.49,46288.95170333498,176.5,189.5,32.0,18.0,-14.0,0.633204348775495
12850.0,46293.89,46293.86480736685,186.5,188.5,11.0,23.0,12.0,0.07126789746688367
12850.0,46294.35,46294.32035340965,186.0,188.5,14.0,23.0,9.0,0.08844978668118515
12850.0,46295.87,46295.84483424589,173.0,176.5,10.0,25.0,15.0,0.1193500158832195
12860.0,46342.56,46342.45232896145,247.5,240.50000000000003,18.0,31.0,13.0,0.2569776196208718
12860.0,46343.57,46344.6293872726,258.5,196.5,14.0,21.0,7.0,2.3223721718240165
12860.0,46343.91,46344.872021644376,245.5,221.0,10.0,38.0,28.0,1.2619152462372618
12870.0,46345.58,46345.51521494064,110.5,109.0,11.0,20.0,9.0,0.0818358351593135
12870.0,46345.6,46344.73414947364,91.0,63.5,16.0,20.0,4.0,1.260942073124068
12870.0,46345.6,46345.60024049302,280.0,283.0,43.0,54.0,11.0,0.10000028918404509
12870.0,46345.6,46345.5812347813,214.5,221.5,31.0,21.0,-10.0,0.2340866888085642
12880.0,46415.43,46415.0175987774,112.0,111.5,18.0,27.0,9.0,0.4127378661831853
12880.0,46415.83,46416.64487003628,117.5,148.5,11.0,15.0,4.0,1.3159752861678604
12880.0,46423.92,46423.839384473926,80.5,83.0,18.0,21.0,3.0,0.1159452779909187
12880.0,46423.92,46423.91521072511,142.5,141.5,13.0,37.0,24.0,0.03367563310613513
12880.0,46423.98,46423.97706898265,371.0,378.0,38.0,22.0,-16.0,0.23335174159878153
12880.0,46423.98,46423.97407584116,244.5,247.5,20.0,29.0,9.0,0.10017532459659366
12880.0,46424.03,46423.98405297947,207.0,218.5,11.0,12.0,1.0,0.3860771595680872
12880.0,46424.06,46424.0199706774,151.5,190.0,12.0,14.0,2.0,1.2839574724701992
12880.0,46424.06,46424.0489043785,108.5,111.5,52.0,39.0,-13.0,0.1006136810600732
12880.0,46424.28,46425.78633860719,115.5,111.5,11.0,18.0,7.0,1.5122280837546493
12890.0,46449.27,46445.23960632864,127.0,34.5,13.0,10.0,-3.0,5.074546047729882
12890.0,46449.54,46449.2731132428,125.5,132.0,11.0,22.0,11.0,0.3437629788281066
12890.0,46449.88,46448.94098916158,124.0,178.0,21.0,19.0,-2.0,2.03020721963695
12890.0,46451.5,46450.84169926498,225.0,228.5,18.0,20.0,2.0,0.6685588746243746
12900.0,46504.23,46504.1416309109,217.0,242.0,29.0,27.0,-2.0,0.8380056923159084
12910.0,46505.92,46505.96304368073,148.5,238.0,14.0,16.0,2.0,2.9836438353510784
12970.0,46721.34,46721.05942220875,162.5,158.5,16.0,22.0,6.0,0.310647186880699
12980.0,46735.91,46736.00503359044,43.0,32.5,13.0,20.0,7.0,0.36267255660011877
12980.0,46738.94,46738.82422493157,144.5,127.0,31.0,44.0,13.0,0.5947113957605529
13000.0,46796.38,46797.28024841938,383.0,370.5,11.0,21.0,10.0,0.9919971409812823
13000.0,46796.43,46796.12714940011,377.0,363.0,12.0,23.0,11.0,0.5563238837497572
13000.0,46798.69,46802.23726041719,34.0,58.0,13.0,14.0,1.0,3.6363520824241418
13000.0,46800.26,46800.0462712202,338.0,328.0,12.0,14.0,2.0,0.3959685624229256
13000.0,46806.47,46805.95426146264,249.00000000000003,238.5,10.0,14.0,4.0,0.6232866426602571
13000.0,46806.74,46806.48786030767,367.0,349.5,18.0,24.0,6.0,0.6354936681225776
13000.0,46806.76,46806.64046149251,345.0,334.0,30.0,36.0,6.0,0.38566034177411684
13000.0,46807.38,46806.89917608404,322.0,309.0,17.0,29.0,12.0,0.6472784686137253
13000.0,46807.59,46806.70311893264,253.5,235.0,12.0,15.0,3.0,1.0802017429250172
13000.0,46807.71,46807.310491860415,252.5,240.0,17.0,23.0,6.0,0.5772502617627384
13020.0,46838.68,46838.53324030698,125.0,177.5,15.0,36.0,21.0,1.756143048699708
13110.0,47203.53,47202.19846851858,215.0,223.0,12.0,15.0,3.0,1.3579717217660168
13110.0,47206.47,47205.99477563446,65.0,58.5,13.0,14.0,1.0,0.5222859772632886
13110.0,47206.57,47205.9589895501,289.0,283.5,12.0,31.0,19.0,0.6379223158039491
13110.0,47206.92,47208.36560372333,282.0,284.5,12.0,18.0,6.0,1.4480036496349986
13110.0,47207.19,47206.59816877909,67.5,52.5,14.0,29.0,15.0,0.7747671869951996
13140.0,47272.56,47272.06755024876,227.0,230.5,18.0,25.0,7.0,0.5060808913678201
13170.0,47319.31,47319.26277702244,168.5,177.5,11.0,17.0,6.0,0.30369394068562955
13170.0,47329.39,47330.19201563562,159.0,112.5,17.0,18.0,1.0,1.7452017303971938
13170.0,47329.58,47329.28074779062,170.0,208.5,20.0,33.0,13.0,1.3177618636407697
13170.0,47329.58,47330.55231574708,223.0,269.0,17.0,19.0,2.0,1.8156290984478498
13170.0,47329.59,47329.51877294358,133.0,130.5,10.0,12.0,2.0,0.10962544417441221
13180.0,47330.84,47330.40115907546,224.0,216.5,10.0,18.0,8.0,0.5050557959752252
13190.0,47341.04,47341.25750725741,385.0,383.0,12.0,10.0,-2.0,0.22749472844547242
13190.0,47341.19,47341.06316565936,54.5,61.0,23.0,20.0,-3.0,0.2510605393331712
13190.0,47341.2,47341.03411459572,149.0,158.0,17.0,24.0,7.0,0.34280893709452337
13190.0,47341.23,47341.20441393423,112.0,123.0,62.0,27.0,-35.0,0.3675582827335961
13200.0,47373.47,47371.85241059471,365.5,368.5,14.0,15.0,1.0,1.6206774768964194
13200.0,47373.55,47369.728170725655,370.0,373.5,34.0,23.0,-11.0,3.8236095660216303
13200.0,47373.97,47373.212878825456,362.0,365.0,43.0,33.0,-10.0,0.7636965843480527
13200.0,47400.44,47400.15372997371,130.5,137.5,15.0,30.0,15.0,0.3693168996915433
13200.0,47400.66,47400.71760825356,58.0,57.0,28.0,24.0,-4.0,0.06655690789701088
13200.0,47400.67,47400.1338400873,287.0,283.0,12.0,21.0,9.0,0.5524900268450639
13200.0,47400.7,47400.342683894654,216.0,222.5,12.0,15.0,3.0,0.4178746744919626
13200.0,47400.7,47401.44856157929,187.0,190.0,16.0,19.0,3.0,0.7552115187081818
13210.0,47402.35,47402.5116463202,132.0,133.0,12.0,18.0,6.0,0.1650473990875831
13210.0,47402.36,47402.43383676317,208.5,218.0,12.0,16.0,4.0,0.3251609530269081
13210.0,47402.39,47402.2861981165,56.5,70.5,15.0,25.0,10.0,0.47807176113679345
13210.0,47402.39,47402.33906871294,108.0,107.5,13.0,23.0,10.0,0.053588933363046966
13210.0,47402.54,47402.4009173352,289.5,292.5,14.0,21.0,7.0,0.17130086878777395
13210.0,47412.91,47412.65482036973,186.5,189.5,52.0,54.0,2.0,0.27407415731133705
13210.0,47413.4,47413.14861178933,198.5,200.0,19.0,22.0,3.0,0.2563123728285904
13220.0,47480.61,47480.60548631536,142.0,153.0,15.0,19.0,4.0,0.36669444745381513
13230.0,47482.33,47482.35392669765,153.5,160.5,11.0,15.0,4.0,0.2345568828767537
13260.0,47623.67,47623.11033195021,141.0,132.0,13.0,13.0,0.0,0.6350026188583325
13260.0,47623.67,47623.1989626556,153.0,170.5,19.0,29.0,10.0,0.7497692695711813
13320.0,47780.08,47779.80452236279,33.0,81.0,10.0,15.0,5.0,1.6235417852961092
13570.0,48607.3,48606.98951569264,237.5,214.5,12.0,24.0,12.0,0.8271507014410546
13570.0,48607.89,48607.49629599567,174.5,175.0,14.0,21.0,7.0,0.39405662131742986
13570.0,48607.92,48607.18221996754,122.5,115.0,18.0,19.0,1.0,0.7789861207354017
14020.0,50168.38,50167.94572014212,161.0,161.5,23.0,22.0,-1.0,0.43459955446143234
14040.0,50246.66,50247.24435081428,290.0,309.5,11.0,16.0,5.0,0.8740514139044614
14040.0,50246.85,50247.13965934559,214.5,169.0,18.0,16.0,-2.0,1.5440791152866002
14040.0,50246.88,50247.32910105084,240.0,255.50000000000003,22.0,19.0,-3.0,0.6845700828348313
14040.0,50246.97,50247.33308929727,339.5,353.0,24.0,24.0,0.0,0.5782160822683443
14060.0,50259.59,50259.38826394423,203.0,219.0,13.0,22.0,9.0,0.5702121365249304
14060.0,50264.77,50263.71380926295,328.0,344.5,14.0,14.0,0.0,1.1908143738764017
14060.0,50266.19,50265.068507470125,325.5,339.5,11.0,13.0,2.0,1.2147111888627415
14060.0,50267.77,50266.7512808765,333.0,332.0,14.0,17.0,3.0,1.019264324738463
14060.0,50269.11,50268.87417978088,261.5,267.5,13.0,31.0,18.0,0.3092105686170258
14060.0,50269.28,50267.83342430279,332.0,344.5,12.0,19.0,7.0,1.5053877769058992
14060.0,50269.57,50268.13828187251,262.5,171.0,11.0,14.0,3.0,3.369319930873444
14060.0,50269.57,50269.73827938247,331.0,348.0,11.0,17.0,6.0,0.5911252504136466
14060.0,50269.67,50269.108375,258.5,193.0,12.0,11.0,-1.0,2.2544105848455436
14060.0,50269.87,50270.10875199203,126.0,148.0,10.0,19.0,9.0,0.7712200019943826
14060.0,50270.44,50270.19152788845,259.0,289.0,10.0,22.0,12.0,1.0304069051691418
14060.0,50270.55,50269.65853187251,317.0,293.0,10.0,21.0,11.0,1.1977960687580436
14060.0,50270.98,50270.486290836656,256.5,150.5,12.0,27.0,15.0,3.5676593422603586
14060.0,50271.28,50271.26155776892,262.5,289.5,17.0,27.0,10.0,0.9001889334395984
14060.0,50271.8,50272.19934810757,333.0,363.0,13.0,19.0,6.0,1.076791024766253
14060.0,50271.82,50271.612850597616,262.0,146.0,17.0,23.0,6.0,3.872211511012684
14060.0,50272.07,50272.86155527889,333.5,363.0,15.0,48.0,33.0,1.2623407638131892
14060.0,50272.39,50272.60010458168,263.0,275.5,21.0,60.0,39.0,0.4666423109349782
14060.0,50273.19,50274.742183266935,261.5,286.0,11.0,41.0,30.0,1.7539148607018409
14060.0,50273.19,50273.78824153387,267.5,298.5,14.0,24.0,10.0,1.194014535346989
14060.0,50273.27,50271.99341782869,259.5,146.5,12.0,20.0,8.0,3.977114509021378
14060.0,50273.28,50274.16578037848,279.0,347.5,18.0,24.0,6.0,2.4491259645038914
14060.0,50273.68,50275.81826992032,261.0,281.0,17.0,13.0,-4.0,2.2397863060069207
14060.0,50274.16,50272.94029332669,127.0,146.0,16.0,22.0,6.0,1.3743345589907154
14060.0,50274.74,50272.089316733065,58.5,93.5,11.0,18.0,7.0,2.896071976437946
14060.0,50275.01,50272.52035707171,81.5,148.0,20.0,21.0,1.0,3.3334566176103646
14060.0,50275.32,50275.822307768925,64.0,89.0,19.0,26.0,7.0,0.9730146654431957
14060.0,50275.41,50273.79227938248,123.0,147.0,18.0,23.0,5.0,1.804721584170869
14060.0,50275.69,50274.39795667331,124.0,145.0,10.0,16.0,6.0,1.469481526950498
14060.0,50275.75,50274.85827141434,139.0,143.0,11.0,19.0,8.0,0.9016416407080273
14060.0,50282.89,50284.10494472112,149.0,159.5,59.0,23.0,-36.0,1.2643538568677
14310.0,51271.22,51270.28135098287,206.0,227.0,12.0,27.0,15.0,1.170923557436996
14310.0,51271.44,51271.124813465205,157.0,153.0,11.0,20.0,9.0,0.3422284755762958
14310.0,51271.84,51270.89251233237,118.0,103.5,25.0,14.0,-11.0,1.06364655380088
14470.0,51640.27,51639.91615355833,364.5,341.5,57.0,44.0,-13.0,0.8443844397284828
14470.0,51642.63,51642.64079697673,163.5,147.5,10.0,21.0,11.0,0.5334426109255255
14500.0,51691.64,51691.51221314254,190.0,170.0,20.0,32.0,12.0,0.6788033038991182
14590.0,51974.46,51976.06615038304,210.0,211.5,10.0,25.0,15.0,1.6069284529646186
14650.0,52251.87,52252.014782532926,239.0,242.50000000000003,15.0,12.0,-3.0,0.1859384117141743
14650.0,52251.88,52252.97649114946,224.5,241.0,12.0,12.0,0.0,1.2266999799635736
14900.0,53193.84,53193.74757661833,267.5,270.0,10.0,18.0,8.0,0.12444487102195712
14900.0,53193.86,53194.03340559127,149.0,140.5,12.0,16.0,4.0,0.33218560604067804
14910.0,53234.28,53234.24741271976,214.5,215.5,13.0,20.0,7.0,0.04661589798235216
14920.0,53274.94,53274.872528895976,145.5,148.0,13.0,24.0,11.0,0.10722310535979067
14920.0,53275.24,53274.02343862096,155.0,186.5,10.0,23.0,13.0,1.6070225850805968
15240.0,54472.58,54472.569256244,152.5,145.5,12.0,25.0,13.0,0.23358054871378361
15240.0,54472.6,54472.5331965807,186.0,181.0,23.0,22.0,-1.0,0.1795563271177173
15780.0,56480.13,56480.03943834491,171.0,192.0,11.0,15.0,4.0,0.705833842609077
15850.0,56711.64,56711.81048240636,193.5,210.5,12.0,13.0,1.0,0.5917561676827974
15850.0,56712.97,56712.72617480136,263.0,276.5,10.0,15.0,5.0,0.5118112225139084
15850.0,56713.41,56712.06267309875,138.5,279.5,10.0,18.0,8.0,4.8893036087813435
15850.0,56713.59,56713.42570374575,125.0,84.0,12.0,18.0,6.0,1.3765068241520595
15850.0,56713.61,56713.63185962921,276.0,303.0,24.0,24.0,0.0,0.9002654294091429
15850.0,56713.71,56713.63586265608,129.0,136.5,11.0,14.0,3.0,0.26076108943419796
15850.0,56716.36,56716.54406167235,297.0,314.5,13.0,28.0,15.0,0.6116833143104474
15850.0,56717.45,56717.14551645857,294.0,311.5,10.0,24.0,14.0,0.6580182404591286
15880.0,56809.4,56808.770211600975,38.0,45.5,10.0,18.0,8.0,0.6775938514687718
15880.0,56809.41,56809.41974790395,46.0,191.5,10.0,18.0,8.0,4.850009796034577
15900.0,56850.45,56850.598817353406,242.0,245.0,10.0,28.0,18.0,0.1792947424651563
15900.0,56850.94,56850.97742100832,293.0,283.5,14.0,25.0,11.0,0.3188700513395135
15900.0,56858.68,56858.64787143423,213.0,216.0,11.0,21.0,10.0,0.10503449308890998
15900.0,56868.0,56867.978811905705,152.0,158.5,12.0,18.0,6.0,0.21770020621098937
15900.0,56878.5,56878.372028773774,378.0,378.5,10.0,20.0,10.0,0.12905197603875737
15900.0,56882.65,56879.14811658083,322.0,378.5,14.0,20.0,6.0,3.9761956599139885
15910.0,56895.87,56895.7870838755,371.0,370.5,11.0,31.0,20.0,0.08457459122456035
15910.0,56895.95,56895.20869782805,356.5,288.5,15.0,15.0,0.0,2.384807473971854
15910.0,56902.79,56902.76881493344,135.0,141.5,12.0,23.0,11.0,0.21769991155147908
15910.0,56902.98,56902.61444500051,295.5,294.0,26.0,35.0,9.0,0.3689586123883299
15910.0,56903.92,56903.68300570514,286.0,289.0,15.0,27.0,12.0,0.25722810070992097
15910.0,56914.19,56913.74010659594,299.5,302.5,15.0,23.0,8.0,0.46087316586772903
15910.0,56916.54,56916.41050595537,308.0,307.5,12.0,19.0,7.0,0.13056218967520503
15910.0,56922.03,56921.59693474128,147.5,150.0,11.0,14.0,3.0,0.4410101617323009
15910.0,56922.08,56922.07107096387,127.0,136.5,10.0,19.0,9.0,0.3167925274749387
15950.0,56974.24,56974.29811710879,154.5,161.0,18.0,18.0,0.0,0.22432575148347073
