type,joint,dist_15,dist_22,shift
Tap,5.0,-1.39,-1.565,-0.18
Valve,5.0,0.0,-0.003,-0.0
Tap,5.0,1.4,1.243,-0.16
Tee,17.0,8.16,8.081,-0.08
Tap,18.0,11.12,10.968,-0.15
Girth Weld,30.0,28.69,28.556,-0.13
Girth Weld,40.0,38.83,39.344,0.51
Girth Weld,50.0,53.72,54.639,0.92
Girth Weld,60.0,94.06,94.665,0.61
Girth Weld,70.0,103.33,104.432,1.1
Girth Weld,70.0,111.52,104.432,-7.09
Girth Weld,80.0,128.88,129.521,0.64
Girth Weld,90.0,144.02,144.81,0.79
Girth Weld,100.0,175.63,176.437,0.81
Girth Weld,110.0,215.7,216.539,0.84
Girth Weld,120.0,255.86,256.588,0.73
Girth Weld,130.0,269.0,270.072,1.07
Girth Weld,140.0,309.49,310.207,0.72
Girth Weld,150.0,349.65,350.289,0.64
Girth Weld,160.0,359.33,360.666,1.34
Girth Weld,170.0,376.91,377.671,0.76
Girth Weld,180.0,384.52,385.886,1.37
Girth Weld,190.0,407.86,408.904,1.04
Girth Weld,200.0,417.34,419.098,1.76
Girth Weld,210.0,429.95,431.184,1.23
Girth Weld,210.0,438.75,431.184,-7.57
Girth Weld,220.0,446.26,447.992,1.73
Girth Weld,230.0,486.3,488.084,1.78
Girth Weld,240.0,526.15,528.284,2.13
Girth Weld,250.0,566.12,568.596,2.48
Girth Weld,260.0,606.11,608.73,2.62
Girth Weld,270.0,637.51,640.072,2.56
Girth Weld,280.0,646.78,649.675,2.89
Girth Weld,290.0,654.88,657.956,3.08
Girth Weld,300.0,670.33,672.979,2.65
Girth Weld,310.0,677.99,681.214,3.22
Girth Weld,320.0,686.92,689.987,3.07
Girth Weld,330.0,697.29,700.266,2.98
Girth Weld,340.0,737.27,740.325,3.06
Girth Weld,350.0,747.95,751.785,3.83
Girth Weld,360.0,754.23,757.835,3.61
Girth Weld,370.0,784.79,788.563,3.77
Girth Weld,380.0,822.65,826.404,3.75
Girth Weld,390.0,862.71,866.627,3.92
Girth Weld,400.0,902.75,906.709,3.96
Girth Weld,410.0,942.9,946.798,3.9
Girth Weld,420.0,954.76,959.331,4.57
Girth Weld,430.0,984.83,988.99,4.16
Girth Weld,440.0,998.04,1002.749,4.71
Girth Weld,450.0,1038.36,1042.927,4.57
Girth Weld,460.0,1078.41,1082.923,4.51
Girth Weld,470.0,1118.5,1123.091,4.59
Girth Weld,480.0,1158.59,1163.094,4.5
Girth Weld,490.0,1198.74,1203.35,4.61
Girth Weld,500.0,1238.87,1243.399,4.53
Girth Weld,510.0,1279.0,1283.599,4.6
Girth Weld,520.0,1319.13,1323.615,4.48
Girth Weld,530.0,1359.26,1363.829,4.57
Girth Weld,540.0,1399.33,1403.852,4.52
Girth Weld,550.0,1439.41,1444.098,4.69
Girth Weld,560.0,1474.52,1479.094,4.57
Girth Weld,570.0,1514.6,1519.318,4.72
Girth Weld,580.0,1554.67,1559.331,4.66
Girth Weld,590.0,1594.69,1599.534,4.84
Girth Weld,600.0,1634.65,1639.711,5.06
Girth Weld,610.0,1674.68,1679.872,5.19
Girth Weld,620.0,1714.66,1720.016,5.36
Girth Weld,630.0,1754.61,1760.164,5.55
Girth Weld,640.0,1794.68,1800.233,5.55
Girth Weld,650.0,1821.71,1827.454,5.74
Girth Weld,660.0,1861.75,1867.438,5.69
Girth Weld,670.0,1901.7,1907.615,5.91
Girth Weld,680.0,1940.56,1946.44,5.88
Girth Weld,690.0,1980.62,1986.66,6.04
Girth Weld,700.0,2020.72,2026.686,5.97
Girth Weld,710.0,2060.81,2066.978,6.17
Girth Weld,720.0,2100.91,2107.001,6.09
Girth Weld,730.0,2140.9,2147.28,6.38
Girth Weld,740.0,2180.93,2187.316,6.39
Girth Weld,750.0,2220.99,2227.552,6.56
Girth Weld,760.0,2260.83,2267.425,6.6
Girth Weld,770.0,2300.87,2307.736,6.87
Girth Weld,780.0,2311.27,2318.048,6.78
Girth Weld,790.0,2351.35,2358.294,6.94
Girth Weld,800.0,2365.88,2373.494,7.61
Girth Weld,810.0,2389.82,2397.247,7.43
Girth Weld,820.0,2429.86,2437.32,7.46
Girth Weld,830.0,2469.86,2477.585,7.72
Girth Weld,840.0,2509.92,2517.612,7.69
Girth Weld,850.0,2549.96,2557.89,7.93
Girth Weld,860.0,2590.02,2597.992,7.97
Girth Weld,870.0,2630.08,2638.248,8.17
Girth Weld,880.0,2670.11,2678.34,8.23
Girth Weld,890.0,2710.16,2718.55,8.39
Girth Weld,900.0,2750.26,2758.642,8.38
Girth Weld,910.0,2790.34,2798.875,8.53
Girth Weld,920.0,2830.42,2838.881,8.46
Girth Weld,930.0,2870.53,2879.088,8.56
Girth Weld,940.0,2878.59,2887.808,9.22
Girth Weld,950.0,2909.79,2918.661,8.87
Girth Weld,960.0,2949.78,2959.016,9.24
Girth Weld,970.0,2989.81,2998.999,9.19
Girth Weld,980.0,3029.58,3038.99,9.41
Girth Weld,990.0,3069.62,3079.016,9.4
Tap,990.0,3075.49,3085.059,9.57
Girth Weld,1000.0,3109.62,3119.173,9.55
Girth Weld,1010.0,3148.08,3157.615,9.53
Girth Weld,1020.0,3188.15,3197.848,9.7
Girth Weld,1030.0,3228.27,3237.874,9.6
Girth Weld,1040.0,3268.31,3278.153,9.84
Girth Weld,1050.0,3308.39,3318.268,9.88
Girth Weld,1060.0,3348.46,3358.632,10.17
Girth Weld,1070.0,3388.53,3398.691,10.16
Girth Weld,1080.0,3428.63,3438.924,10.29
Girth Weld,1090.0,3468.67,3478.907,10.24
Girth Weld,1100.0,3508.76,3519.14,10.38
Girth Weld,1110.0,3548.87,3559.19,10.32
Girth Weld,1120.0,3588.86,3599.577,10.72
Girth Weld,1130.0,3628.88,3639.669,10.79
Girth Weld,1140.0,3668.93,3679.925,11.0
Girth Weld,1150.0,3708.93,3719.918,10.99
Girth Weld,1160.0,3743.6,3754.76,11.16
Girth Weld,1170.0,3783.21,3794.413,11.2
Girth Weld,1180.0,3823.24,3834.682,11.44
Girth Weld,1190.0,3863.29,3874.675,11.39
Girth Weld,1200.0,3903.31,3914.888,11.58
Girth Weld,1210.0,3943.33,3954.915,11.59
Girth Weld,1220.0,3983.39,3995.279,11.89
Girth Weld,1230.0,4023.46,4035.348,11.89
Girth Weld,1240.0,4063.6,4075.758,12.16
Girth Weld,1250.0,4091.65,4103.93,12.28
Girth Weld,1260.0,4131.8,4144.272,12.47
Girth Weld,1270.0,4171.86,4184.344,12.48
Girth Weld,1280.0,4211.84,4224.61,12.77
Girth Weld,1290.0,4251.81,4264.659,12.85
Girth Weld,1300.0,4291.8,4304.892,13.09
Girth Weld,1310.0,4331.8,4345.016,13.22
Girth Weld,1320.0,4371.82,4385.328,13.51
Girth Weld,1330.0,4411.8,4425.41,13.61
Girth Weld,1340.0,4451.84,4465.666,13.83
Girth Weld,1350.0,4491.84,4505.659,13.82
Girth Weld,1360.0,4531.86,4545.915,14.06
Girth Weld,1370.0,4571.9,4585.961,14.06
Girth Weld,1380.0,4611.9,4626.175,14.28
Girth Weld,1390.0,4651.91,4666.155,14.24
Girth Weld,1400.0,4691.76,4706.312,14.55
Girth Weld,1410.0,4731.85,4746.339,14.49
Girth Weld,1420.0,4771.94,4786.608,14.67
Girth Weld,1430.0,4811.94,4826.601,14.66
Girth Weld,1440.0,4851.93,4866.811,14.88
Girth Weld,1450.0,4891.97,4906.837,14.87
Girth Weld,1460.0,4919.95,4934.977,15.03
Girth Weld,1470.0,4959.83,4974.915,15.09
Girth Weld,1480.0,4999.69,5014.777,15.09
Girth Weld,1490.0,5036.21,5051.453,15.24
Girth Weld,1500.0,5076.28,5091.473,15.19
Girth Weld,1510.0,5106.79,5122.129,15.34
Girth Weld,1520.0,5146.85,5162.129,15.28
Girth Weld,1530.0,5186.99,5202.421,15.43
Agm,1530.0,5207.38,5217.3,9.92
Girth Weld,1540.0,5225.78,5241.112,15.33
Girth Weld,1550.0,5265.88,5281.358,15.48
Girth Weld,1560.0,5305.93,5321.371,15.44
Girth Weld,1570.0,5346.04,5361.64,15.6
Girth Weld,1580.0,5386.2,5401.709,15.51
Girth Weld,1590.0,5426.28,5441.942,15.66
Girth Weld,1600.0,5449.19,5464.879,15.69
Girth Weld,1610.0,5489.32,5504.948,15.63
Girth Weld,1620.0,5529.39,5545.246,15.86
Girth Weld,1630.0,5552.35,5568.114,15.76
Girth Weld,1640.0,5592.44,5608.422,15.98
Girth Weld,1650.0,5607.75,5623.77,16.02
Girth Weld,1660.0,5647.81,5663.783,15.97
Girth Weld,1670.0,5687.87,5704.072,16.2
Girth Weld,1680.0,5727.92,5744.088,16.17
Girth Weld,1690.0,5754.37,5770.673,16.3
Girth Weld,1700.0,5794.37,5810.689,16.32
Girth Weld,1710.0,5834.42,5850.922,16.5
Girth Weld,1720.0,5874.45,5890.948,16.5
Girth Weld,1730.0,5914.54,5931.27,16.73
Girth Weld,1740.0,5954.62,5971.417,16.8
Girth Weld,1750.0,5994.65,6011.706,17.06
Girth Weld,1760.0,6034.71,6051.742,17.03
Girth Weld,1770.0,6071.64,6088.871,17.23
Girth Weld,1780.0,6111.68,6128.885,17.2
Girth Weld,1790.0,6151.73,6169.108,17.38
Girth Weld,1800.0,6191.74,6209.101,17.36
Girth Weld,1810.0,6231.78,6249.38,17.6
Girth Weld,1820.0,6271.85,6289.528,17.68
Girth Weld,1830.0,6311.77,6329.902,18.13
Girth Weld,1840.0,6351.91,6370.016,18.11
Girth Weld,1850.0,6392.02,6410.272,18.25
Girth Weld,1860.0,6411.38,6429.573,18.19
Girth Weld,1870.0,6451.32,6469.754,18.43
Girth Weld,1880.0,6491.33,6509.747,18.42
Girth Weld,1890.0,6531.29,6549.938,18.65
Girth Weld,1900.0,6571.3,6589.941,18.64
Girth Weld,1910.0,6611.29,6630.154,18.86
Girth Weld,1920.0,6651.22,6670.148,18.93
Girth Weld,1930.0,6691.21,6710.384,19.17
Girth Weld,1940.0,6731.14,6750.322,19.18
Girth Weld,1950.0,6771.13,6790.528,19.4
Girth Weld,1960.0,6803.11,6822.477,19.37
Girth Weld,1970.0,6843.2,6862.73,19.53
Girth Weld,1980.0,6863.86,6883.323,19.46
Girth Weld,1990.0,6903.85,6923.57,19.72
Girth Weld,2000.0,6943.85,6963.648,19.8
Girth Weld,2010.0,6983.77,7003.783,20.01
Girth Weld,2020.0,7016.64,7036.673,20.03
Girth Weld,2030.0,7056.65,7076.916,20.27
Girth Weld,2040.0,7096.68,7116.932,20.25
Girth Weld,2050.0,7136.64,7157.156,20.52
Girth Weld,2060.0,7176.67,7197.172,20.5
Girth Weld,2070.0,7216.73,7237.395,20.67
Girth Weld,2080.0,7256.79,7277.539,20.75
Girth Weld,2090.0,7296.84,7317.677,20.84
Tap,2090.0,7301.09,7321.903,20.81
Tap,2090.0,7303.08,7323.862,20.78
Girth Weld,2100.0,7336.88,7357.779,20.9
Girth Weld,2110.0,7376.98,7398.035,21.06
Girth Weld,2120.0,7417.07,7438.028,20.96
Girth Weld,2130.0,7457.04,7478.209,21.17
Girth Weld,2140.0,7497.1,7518.245,21.14
Girth Weld,2150.0,7537.23,7558.501,21.27
Girth Weld,2160.0,7577.32,7598.504,21.18
Girth Weld,2170.0,7617.42,7638.806,21.39
Girth Weld,2180.0,7657.51,7678.904,21.39
Girth Weld,2190.0,7697.63,7719.337,21.71
Girth Weld,2200.0,7737.73,7759.528,21.8
Girth Weld,2210.0,7777.78,7799.803,22.02
Girth Weld,2220.0,7788.68,7810.676,22.0
Girth Weld,2230.0,7828.78,7850.725,21.95
Girth Weld,2240.0,7868.87,7890.958,22.09
Girth Weld,2250.0,7908.95,7931.007,22.06
Girth Weld,2260.0,7948.8,7971.188,22.39
Girth Weld,2270.0,7988.9,8011.411,22.51
Girth Weld,2280.0,8029.06,8051.841,22.78
Girth Weld,2290.0,8069.19,8091.932,22.74
Girth Weld,2300.0,8109.22,8132.146,22.93
Girth Weld,2310.0,8149.3,8172.172,22.87
Girth Weld,2320.0,8189.36,8212.405,23.05
Girth Weld,2330.0,8229.44,8252.408,22.97
Girth Weld,2340.0,8269.53,8292.644,23.11
Girth Weld,2350.0,8309.59,8332.69,23.1
Girth Weld,2360.0,8349.7,8372.904,23.2
Girth Weld,2370.0,8389.73,8412.917,23.19
Girth Weld,2380.0,8429.85,8453.317,23.47
Girth Weld,2390.0,8455.03,8478.458,23.43
Girth Weld,2400.0,8495.11,8518.694,23.58
Girth Weld,2410.0,8535.2,8558.825,23.62
Girth Weld,2420.0,8575.28,8598.999,23.72
Girth Weld,2430.0,8615.33,8638.993,23.66
Girth Weld,2440.0,8655.39,8679.259,23.87
Girth Weld,2450.0,8694.21,8717.995,23.79
Girth Weld,2460.0,8734.21,8758.228,24.02
Girth Weld,2470.0,8774.28,8798.222,23.94
Girth Weld,2480.0,8814.34,8838.533,24.19
Girth Weld,2490.0,8854.31,8878.425,24.11
Girth Weld,2500.0,8894.31,8918.652,24.34
Girth Weld,2510.0,8934.36,8958.599,24.24
Girth Weld,2520.0,8972.21,8996.68,24.47
Girth Weld,2530.0,9012.46,9036.857,24.4
Girth Weld,2540.0,9052.64,9077.192,24.55
Girth Weld,2550.0,9092.72,9117.224,24.5
Girth Weld,2560.0,9132.76,9157.484,24.72
Girth Weld,2570.0,9172.79,9197.477,24.69
Girth Weld,2580.0,9212.83,9237.71,24.88
Girth Weld,2590.0,9252.81,9277.759,24.95
Girth Weld,2600.0,9292.73,9318.015,25.28
Girth Weld,2610.0,9332.89,9358.196,25.31
Girth Weld,2620.0,9373.09,9398.517,25.43
Girth Weld,2630.0,9412.95,9438.609,25.66
Girth Weld,2640.0,9423.94,9449.938,26.0
Girth Weld,2650.0,9464.58,9490.161,25.58
Girth Weld,2660.0,9481.55,9507.274,25.72
Girth Weld,2670.0,9502.04,9527.835,25.79
Girth Weld,2680.0,9542.13,9568.114,25.98
Girth Weld,2690.0,9582.24,9608.248,26.01
Girth Weld,2700.0,9622.29,9648.55,26.26
Girth Weld,2710.0,9662.34,9688.684,26.34
Girth Weld,2720.0,9698.96,9725.354,26.39
Girth Weld,2730.0,9739.09,9765.423,26.33
Girth Weld,2740.0,9779.3,9805.614,26.31
Girth Weld,2750.0,9787.19,9814.134,26.94
Girth Weld,2760.0,9802.28,9829.226,26.95
Area Start Tee,2760.0,9839.56,9867.221,27.66
Girth Weld,2770.0,9842.33,9869.36,27.03
Girth Weld,2780.0,9880.1,9907.32,27.22
Girth Weld,2790.0,9920.18,9947.346,27.17
Girth Weld,2800.0,9960.23,9987.592,27.36
Girth Weld,2810.0,10000.25,10027.575,27.33
Girth Weld,2820.0,10040.32,10067.785,27.47
Girth Weld,2830.0,10080.65,10108.022,27.37
Girth Weld,2840.0,10121.04,10148.504,27.46
Girth Weld,2850.0,10134.53,10161.969,27.44
Girth Weld,2860.0,10174.6,10202.014,27.41
Girth Weld,2870.0,10214.78,10242.503,27.72
Girth Weld,2880.0,10254.92,10282.746,27.83
Girth Weld,2890.0,10295.13,10323.176,28.05
Girth Weld,2900.0,10335.22,10363.238,28.02
Girth Weld,2910.0,10375.3,10403.448,28.15
Girth Weld,2920.0,10395.84,10423.888,28.05
Girth Weld,2930.0,10435.89,10464.101,28.21
Agm,2930.0,10460.1,10482.379,22.28
Girth Weld,2940.0,10475.98,10504.114,28.13
Girth Weld,2950.0,10516.03,10544.373,28.34
Girth Weld,2960.0,10556.14,10584.4,28.26
Girth Weld,2970.0,10596.33,10624.797,28.47
Tap,2970.0,10630.49,10658.901,28.41
Tap,2970.0,10632.49,10660.823,28.33
Girth Weld,2980.0,10636.39,10664.734,28.34
Girth Weld,2990.0,10676.48,10705.0,28.52
Girth Weld,3000.0,10716.58,10744.993,28.41
Girth Weld,3010.0,10755.34,10783.993,28.65
Girth Weld,3020.0,10775.14,10803.701,28.56
Girth Weld,3030.0,10815.48,10844.173,28.69
Girth Weld,3040.0,10855.52,10884.232,28.71
Girth Weld,3050.0,10895.55,10924.511,28.96
Girth Weld,3060.0,10935.57,10964.505,28.93
Girth Weld,3070.0,10975.62,11004.708,29.09
Girth Weld,3080.0,11015.67,11044.678,29.01
Girth Weld,3090.0,11055.71,11084.888,29.18
Girth Weld,3100.0,11095.72,11124.872,29.15
Girth Weld,3110.0,11135.74,11165.039,29.3
Girth Weld,3120.0,11175.73,11204.957,29.23
Girth Weld,3130.0,11215.76,11245.148,29.39
Girth Weld,3140.0,11255.83,11285.151,29.32
Girth Weld,3150.0,11295.9,11325.331,29.43
Girth Weld,3160.0,11335.96,11365.348,29.39
Girth Weld,3170.0,11376.04,11405.538,29.5
Girth Weld,3180.0,11416.08,11445.617,29.54
Girth Weld,3190.0,11456.24,11485.909,29.67
Girth Weld,3200.0,11496.38,11525.978,29.6
Girth Weld,3210.0,11536.46,11566.211,29.75
Girth Weld,3220.0,11576.56,11606.348,29.79
Girth Weld,3230.0,11615.97,11645.869,29.9
Girth Weld,3240.0,11655.8,11685.709,29.91
Girth Weld,3250.0,11695.83,11725.919,30.09
Girth Weld,3260.0,11735.85,11765.915,30.07
Girth Weld,3270.0,11775.89,11806.148,30.26
Girth Weld,3280.0,11815.91,11846.276,30.37
Girth Weld,3290.0,11855.91,11886.519,30.61
Girth Weld,3300.0,11895.94,11926.588,30.65
Girth Weld,3310.0,11936.0,11966.814,30.81
Girth Weld,3320.0,11976.04,12006.808,30.77
Girth Weld,3330.0,12016.1,12047.041,30.94
Girth Weld,3340.0,12056.09,12087.001,30.91
Girth Weld,3350.0,12096.09,12127.215,31.12
Girth Weld,3360.0,12136.11,12167.185,31.07
Girth Weld,3370.0,12176.05,12207.398,31.35
Girth Weld,3380.0,12216.01,12247.411,31.4
Girth Weld,3390.0,12256.05,12287.733,31.68
Girth Weld,3400.0,12296.1,12327.999,31.9
Girth Weld,3410.0,12336.12,12368.301,32.18
Girth Weld,3420.0,12376.08,12408.337,32.26
Girth Weld,3430.0,12409.59,12442.031,32.44
Girth Weld,3440.0,12449.51,12482.077,32.57
Girth Weld,3450.0,12489.48,12522.172,32.69
Girth Weld,3460.0,12529.5,12562.185,32.68
Girth Weld,3470.0,12569.49,12602.411,32.92
Girth Weld,3480.0,12597.28,12630.131,32.85
Girth Weld,3490.0,12637.46,12670.335,32.88
Girth Weld,3500.0,12650.16,12683.547,33.39
Girth Weld,3510.0,12679.07,12712.287,33.22
Girth Weld,3520.0,12719.12,12752.3,33.18
Girth Weld,3530.0,12759.17,12792.523,33.35
Girth Weld,3540.0,12799.18,12832.559,33.38
Girth Weld,3550.0,12839.18,12872.74,33.56
Girth Weld,3560.0,12879.25,12912.874,33.62
Girth Weld,3570.0,12919.27,12952.946,33.68
Girth Weld,3580.0,12959.37,12992.982,33.61
Girth Weld,3590.0,12999.29,13033.13,33.84
Girth Weld,3600.0,13035.04,13068.868,33.83
Girth Weld,3610.0,13075.02,13109.101,34.08
Girth Weld,3620.0,13115.05,13149.108,34.06
Girth Weld,3630.0,13155.1,13189.386,34.29
Girth Weld,3640.0,13195.16,13229.432,34.27
Girth Weld,3650.0,13235.17,13269.623,34.45
Girth Weld,3660.0,13275.22,13309.705,34.49
Girth Weld,3670.0,13315.19,13349.895,34.7
Girth Weld,3680.0,13355.24,13389.898,34.66
Girth Weld,3690.0,13395.4,13430.112,34.71
Girth Weld,3700.0,13409.71,13445.292,35.58
Girth Weld,3710.0,13450.09,13485.449,35.36
Girth Weld,3720.0,13490.17,13525.659,35.49
Girth Weld,3730.0,13530.24,13565.719,35.48
Girth Weld,3740.0,13570.27,13606.043,35.77
Girth Weld,3750.0,13610.44,13646.132,35.69
Girth Weld,3760.0,13647.91,13684.049,36.14
Girth Weld,3770.0,13686.89,13723.045,36.16
Girth Weld,3780.0,13726.94,13763.258,36.32
Girth Weld,3790.0,13751.23,13787.523,36.29
Girth Weld,3800.0,13791.16,13827.74,36.58
Girth Weld,3810.0,13831.31,13867.785,36.48
Girth Weld,3820.0,13871.43,13907.989,36.56
Girth Weld,3830.0,13911.58,13948.045,36.47
Girth Weld,3840.0,13951.67,13988.238,36.57
Girth Weld,3850.0,13962.95,13999.413,36.46
Girth Weld,3860.0,14003.03,14039.659,36.63
Girth Weld,3870.0,14030.23,14066.778,36.55
Girth Weld,3880.0,14044.12,14081.283,37.16
Girth Weld,3890.0,14057.38,14094.098,36.72
Girth Weld,3900.0,14097.51,14134.386,36.88
Girth Weld,3910.0,14137.56,14174.39,36.83
Girth Weld,3920.0,14177.74,14214.583,36.84
Girth Weld,3930.0,14192.65,14230.112,37.46
Girth Weld,3940.0,14215.54,14252.726,37.19
Girth Weld,3950.0,14255.62,14292.874,37.25
Girth Weld,3960.0,14295.73,14333.281,37.55
Girth Weld,3970.0,14335.77,14373.33,37.56
Girth Weld,3980.0,14375.79,14413.576,37.79
Girth Weld,3990.0,14415.89,14453.602,37.71
Girth Weld,4000.0,14455.91,14493.891,37.98
Girth Weld,4010.0,14495.99,14533.983,37.99
Girth Weld,4020.0,14536.06,14574.216,38.16
Girth Weld,4030.0,14576.18,14614.327,38.15
Girth Weld,4040.0,14616.24,14654.652,38.41
Girth Weld,4050.0,14656.33,14694.688,38.36
Girth Weld,4060.0,14696.18,14734.944,38.76
Girth Weld,4070.0,14703.07,14741.844,38.77
Girth Weld,4080.0,14741.05,14779.826,38.78
Girth Weld,4090.0,14770.67,14809.695,39.02
Girth Weld,4100.0,14776.84,14815.751,38.91
Girth Weld,4110.0,14816.3,14855.331,39.03
Girth Weld,4120.0,14856.33,14895.509,39.18
Girth Weld,4130.0,14896.33,14935.623,39.29
Girth Weld,4140.0,14902.4,14941.68,39.28
Girth Weld,4150.0,14921.6,14960.876,39.28
Girth Weld,4160.0,14957.97,15001.115,43.15
Tap,4160.01,14961.58,15004.898,43.32
Valve,4160.01,14964.96,15006.44,41.48
Tap,4160.01,14966.93,15007.71,40.78
Girth Weld,4190.0,14972.08,15011.617,39.54
Girth Weld,4200.0,14985.3,15024.764,39.46
Girth Weld,4210.0,15025.35,15065.039,39.69
Girth Weld,4220.0,15065.38,15105.056,39.68
Girth Weld,4230.0,15105.49,15145.279,39.79
Girth Weld,4240.0,15145.46,15185.384,39.92
Girth Weld,4250.0,15185.39,15225.486,40.1
Girth Weld,4260.0,15225.33,15265.39,40.06
Girth Weld,4270.0,15264.67,15304.934,40.26
Girth Weld,4280.0,15275.56,15315.86,40.3
Girth Weld,4290.0,15285.68,15325.833,40.15
Girth Weld,4300.0,15294.95,15335.797,40.85
Girth Weld,4310.0,15312.24,15352.431,40.19
Girth Weld,4320.0,15320.25,15360.951,40.7
Girth Weld,4330.0,15341.07,15381.522,40.45
Girth Weld,4340.0,15352.78,15393.717,40.94
Girth Weld,4350.0,15366.31,15406.719,40.41
Girth Weld,4360.0,15375.09,15416.299,41.21
Girth Weld,4370.0,15387.56,15428.228,40.67
Girth Weld,4380.0,15427.75,15468.432,40.68
Valve,4380.0,15433.92,15474.593,40.67
Girth Weld,4390.0,15439.11,15480.758,41.65
Girth Weld,4400.0,15464.3,15506.161,41.86
Girth Weld,4410.0,15504.34,15546.545,42.2
Girth Weld,4420.0,15544.4,15586.683,42.28
Girth Weld,4430.0,15584.42,15626.919,42.5
Girth Weld,4440.0,15624.49,15666.955,42.47
Girth Weld,4450.0,15664.67,15707.274,42.6
Girth Weld,4460.0,15704.83,15747.346,42.52
Girth Weld,4470.0,15744.92,15787.569,42.65
Girth Weld,4480.0,15784.93,15827.546,42.62
Girth Weld,4490.0,15824.95,15867.799,42.85
Girth Weld,4500.0,15859.81,15902.585,42.77
Agm,4500.0,15860.33,15784.055,-76.27
Girth Weld,4510.0,15899.73,15942.841,43.11
Girth Weld,4520.0,15939.81,15982.999,43.19
Girth Weld,4530.0,15979.91,16023.343,43.43
Girth Weld,4540.0,16020.03,16063.399,43.37
Girth Weld,4550.0,16060.0,16103.593,43.59
Girth Weld,4560.0,16099.07,16142.612,43.54
Girth Weld,4570.0,16139.14,16182.953,43.81
Girth Weld,4580.0,16179.2,16223.068,43.87
Girth Weld,4590.0,16219.25,16263.379,44.13
Girth Weld,4600.0,16259.28,16303.415,44.14
Girth Weld,4610.0,16299.36,16343.671,44.31
Girth Weld,4620.0,16339.42,16383.72,44.3
Girth Weld,4630.0,16379.33,16423.845,44.52
Girth Weld,4640.0,16419.43,16463.881,44.45
Girth Weld,4650.0,16459.45,16504.062,44.61
Girth Weld,4660.0,16499.44,16544.022,44.58
Girth Weld,4670.0,16539.54,16584.232,44.69
Girth Weld,4680.0,16579.65,16624.281,44.63
Girth Weld,4690.0,16619.73,16664.528,44.8
Girth Weld,4700.0,16659.85,16704.583,44.73
Girth Weld,4710.0,16699.96,16744.787,44.83
Girth Weld,4720.0,16740.08,16784.813,44.73
Girth Weld,4730.0,16780.19,16825.059,44.87
Girth Weld,4740.0,16820.29,16865.062,44.77
Girth Weld,4750.0,16860.34,16905.285,44.94
Girth Weld,4760.0,16900.42,16945.256,44.84
Girth Weld,4770.0,16940.39,16985.469,45.08
Girth Weld,4780.0,16980.5,17025.594,45.09
Girth Weld,4790.0,17020.62,17065.837,45.22
Girth Weld,4800.0,17060.75,17105.866,45.12
Girth Weld,4810.0,17100.85,17146.165,45.32
Girth Weld,4820.0,17141.12,17186.398,45.28
Girth Weld,4830.0,17181.45,17226.864,45.41
Girth Weld,4840.0,17193.31,17238.74,45.43
Girth Weld,4850.0,17233.54,17279.029,45.49
Girth Weld,4860.0,17273.64,17319.173,45.53
Girth Weld,4870.0,17313.8,17359.475,45.67
Girth Weld,4880.0,17353.93,17399.534,45.6
Girth Weld,4890.0,17393.97,17439.767,45.8
Girth Weld,4900.0,17434.03,17479.882,45.85
Girth Weld,4910.0,17474.05,17520.125,46.08
Girth Weld,4920.0,17514.06,17560.295,46.23
Girth Weld,4930.0,17554.21,17600.659,46.45
Girth Weld,4940.0,17563.57,17610.689,47.12
Girth Weld,4950.0,17589.01,17635.728,46.72
Girth Weld,4960.0,17620.31,17666.975,46.66
Girth Weld,4970.0,17660.43,17707.08,46.65
Girth Weld,4980.0,17700.59,17747.208,46.62
Girth Weld,4990.0,17740.76,17787.395,46.64
Girth Weld,5000.0,17780.81,17827.441,46.63
Girth Weld,5010.0,17820.91,17867.543,46.63
Girth Weld,5020.0,17861.04,17907.723,46.68
Girth Weld,5030.0,17892.86,17939.626,46.77
Girth Weld,5040.0,17932.93,17979.724,46.79
Girth Weld,5050.0,17973.09,18019.915,46.83
Girth Weld,5060.0,18013.2,18059.957,46.76
Girth Weld,5070.0,18044.52,18091.391,46.87
Girth Weld,5080.0,18084.58,18131.467,46.89
Girth Weld,5090.0,18124.56,18171.549,46.99
Girth Weld,5100.0,18164.55,18211.552,47.0
Girth Weld,5110.0,18204.57,18251.742,47.17
Girth Weld,5120.0,18212.77,18259.869,47.1
Girth Weld,5130.0,18252.75,18299.987,47.24
Girth Weld,5140.0,18292.72,18340.072,47.35
Girth Weld,5150.0,18332.63,18380.148,47.52
Girth Weld,5160.0,18372.49,18420.135,47.64
Girth Weld,5170.0,18412.49,18460.197,47.71
Girth Weld,5180.0,18452.49,18500.538,48.05
Girth Weld,5190.0,18492.4,18540.6,48.2
Girth Weld,5200.0,18526.94,18575.387,48.45
Girth Weld,5210.0,18566.97,18615.469,48.5
Girth Weld,5220.0,18606.87,18655.515,48.65
Girth Weld,5230.0,18646.76,18695.433,48.67
Girth Weld,5240.0,18686.76,18735.61,48.85
Girth Weld,5250.0,18726.75,18775.646,48.9
Girth Weld,5260.0,18766.8,18815.804,49.0
Girth Weld,5270.0,18806.83,18855.794,48.96
Girth Weld,5280.0,18842.14,18891.201,49.06
Girth Weld,5290.0,18853.96,18903.533,49.57
Agm,5290.0,18883.46,18933.179,49.72
Girth Weld,5300.0,18894.32,18943.615,49.3
Girth Weld,5310.0,18934.5,18983.917,49.42
Tap,5310.0,18939.78,18989.183,49.4
Girth Weld,5320.0,18974.64,19024.026,49.39
Girth Weld,5330.0,19004.9,19054.409,49.51
Girth Weld,5340.0,19044.85,19094.36,49.51
Girth Weld,5350.0,19084.88,19134.633,49.75
Girth Weld,5360.0,19124.93,19174.649,49.72
Girth Weld,5370.0,19165.0,19214.944,49.94
Girth Weld,5380.0,19205.0,19255.02,50.02
Girth Weld,5390.0,19244.41,19294.636,50.23
Girth Weld,5400.0,19284.44,19334.721,50.28
Girth Weld,5410.0,19324.37,19375.102,50.73
Girth Weld,5420.0,19364.31,19415.144,50.83
Girth Weld,5430.0,19404.28,19455.361,51.08
Girth Weld,5440.0,19444.27,19495.41,51.14
Girth Weld,5450.0,19484.27,19535.558,51.29
Girth Weld,5460.0,19524.29,19575.607,51.32
Girth Weld,5470.0,19564.2,19615.948,51.75
Girth Weld,5480.0,19604.24,19655.961,51.72
Girth Weld,5490.0,19644.28,19696.24,51.96
Girth Weld,5500.0,19684.27,19736.204,51.93
Girth Weld,5510.0,19724.27,19776.417,52.15
Girth Weld,5520.0,19764.25,19816.414,52.16
Girth Weld,5530.0,19804.16,19856.621,52.46
Girth Weld,5540.0,19844.19,19896.624,52.43
Girth Weld,5550.0,19884.17,19936.9,52.73
Girth Weld,5560.0,19924.23,19976.929,52.7
Girth Weld,5570.0,19964.16,20017.064,52.9
Girth Weld,5580.0,20004.05,20057.024,52.97
Girth Weld,5590.0,20044.08,20097.26,53.18
Girth Weld,5600.0,20084.08,20137.185,53.1
Girth Weld,5610.0,20124.14,20177.421,53.28
Girth Weld,5620.0,20164.33,20217.598,53.27
Girth Weld,5630.0,20204.48,20257.9,53.42
Girth Weld,5640.0,20244.53,20297.913,53.38
Girth Weld,5650.0,20284.47,20338.074,53.6
Girth Weld,5660.0,20324.54,20378.051,53.51
Girth Weld,5670.0,20364.66,20418.278,53.62
Girth Weld,5680.0,20404.89,20458.465,53.58
Girth Weld,5690.0,20443.59,20497.336,53.75
Girth Weld,5700.0,20483.66,20537.316,53.66
Girth Weld,5710.0,20523.69,20577.51,53.82
Girth Weld,5720.0,20563.77,20617.533,53.76
Girth Weld,5730.0,20603.86,20657.756,53.9
Girth Weld,5740.0,20643.92,20697.73,53.81
Girth Weld,5750.0,20683.91,20737.93,54.02
Girth Weld,5760.0,20723.99,20777.943,53.95
Girth Weld,5770.0,20764.11,20818.179,54.07
Girth Weld,5780.0,20804.2,20858.205,54.01
Girth Weld,5790.0,20844.46,20898.478,54.02
Girth Weld,5800.0,20856.18,20910.203,54.02
Girth Weld,5810.0,20896.27,20950.43,54.16
Girth Weld,5820.0,20936.25,20990.577,54.33
Girth Weld,5830.0,20969.67,21024.085,54.42
Girth Weld,5840.0,21009.74,21064.131,54.39
Girth Weld,5850.0,21049.76,21104.531,54.77
Girth Weld,5860.0,21070.74,21125.525,54.78
Girth Weld,5870.0,21110.85,21165.738,54.89
Girth Weld,5870.0,21110.89,21165.738,54.85
Girth Weld,5880.0,21150.86,21205.863,55.0
Girth Weld,5890.0,21190.97,21245.919,54.95
Girth Weld,5900.0,21231.05,21286.168,55.12
Girth Weld,5910.0,21271.06,21326.096,55.04
Girth Weld,5920.0,21311.11,21366.332,55.22
Girth Weld,5930.0,21351.11,21405.295,54.18
Girth Weld,5940.0,21391.18,21443.136,51.96
Girth Weld,5950.0,21431.27,21486.627,55.36
Girth Weld,5960.0,21471.34,21526.749,55.41
Girth Weld,5970.0,21511.39,21566.814,55.42
Girth Weld,5980.0,21551.47,21606.926,55.46
Girth Weld,5990.0,21591.49,21646.877,55.39
Girth Weld,6000.0,21631.54,21687.054,55.51
Girth Weld,6010.0,21671.62,21727.119,55.5
Girth Weld,6020.0,21711.5,21767.402,55.9
Girth Weld,6030.0,21744.38,21800.42,56.04
Girth Weld,6040.0,21754.09,21810.151,56.06
Girth Weld,6050.0,21794.15,21850.233,56.08
Girth Weld,6060.0,21834.3,21890.325,56.03
Girth Weld,6070.0,21874.41,21930.627,56.22
Girth Weld,6080.0,21914.5,21970.627,56.13
Girth Weld,6090.0,21954.53,22011.017,56.49
Girth Weld,6100.0,21994.61,22051.053,56.44
Girth Weld,6110.0,22034.68,22091.224,56.54
Girth Weld,6120.0,22074.76,22131.28,56.52
Girth Weld,6130.0,22114.84,22171.512,56.67
Girth Weld,6140.0,22154.86,22211.509,56.65
Girth Weld,6150.0,22194.99,22251.772,56.78
Girth Weld,6160.0,22234.95,22291.693,56.74
Girth Weld,6170.0,22274.98,22331.88,56.9
Girth Weld,6180.0,22315.0,22371.86,56.86
Girth Weld,6190.0,22355.06,22412.067,57.01
Girth Weld,6200.0,22395.11,22452.08,56.97
Girth Weld,6210.0,22435.16,22492.293,57.13
Girth Weld,6220.0,22475.21,22532.316,57.11
Girth Weld,6230.0,22515.16,22572.533,57.37
Girth Weld,6240.0,22555.07,22612.415,57.35
Girth Weld,6250.0,22595.05,22652.638,57.59
Girth Weld,6260.0,22612.04,22669.613,57.57
Girth Weld,6270.0,22652.08,22709.872,57.79
Girth Weld,6280.0,22692.08,22749.98,57.9
Girth Weld,6290.0,22732.07,22790.2,58.13
Girth Weld,6300.0,22772.01,22830.279,58.27
Girth Weld,6310.0,22811.93,22870.354,58.42
Girth Weld,6320.0,22851.97,22910.384,58.41
Girth Weld,6330.0,22891.98,22950.581,58.6
Girth Weld,6340.0,22932.08,22990.584,58.5
Girth Weld,6350.0,22972.1,23030.751,58.65
Girth Weld,6360.0,23012.16,23070.951,58.79
Girth Weld,6370.0,23052.31,23111.309,59.0
Girth Weld,6380.0,23092.29,23151.355,59.06
Girth Weld,6390.0,23132.4,23191.699,59.3
Girth Weld,6400.0,23172.39,23231.673,59.28
Girth Weld,6410.0,23212.4,23271.808,59.41
Girth Weld,6420.0,23239.89,23299.429,59.54
Girth Weld,6430.0,23279.88,23339.357,59.48
Girth Weld,6440.0,23319.79,23379.482,59.69
Girth Weld,6450.0,23359.8,23419.534,59.73
Girth Weld,6460.0,23399.85,23459.79,59.94
Girth Weld,6470.0,23439.7,23499.61,59.91
Girth Weld,6480.0,23479.57,23539.764,60.19
Girth Weld,6490.0,23519.41,23579.695,60.28
Girth Weld,6500.0,23559.4,23619.777,60.38
Girth Weld,6510.0,23599.36,23659.813,60.45
Girth Weld,6520.0,23639.09,23699.738,60.65
Girth Weld,6530.0,23679.06,23739.767,60.71
Girth Weld,6540.0,23706.72,23767.621,60.9
Girth Weld,6550.0,23746.71,23807.579,60.87
Girth Weld,6560.0,23786.7,23847.782,61.08
Girth Weld,6570.0,23826.75,23887.799,61.05
Girth Weld,6580.0,23866.72,23927.959,61.24
Girth Weld,6590.0,23906.73,23967.904,61.17
Girth Weld,6600.0,23946.77,24008.14,61.37
Girth Weld,6610.0,23986.81,24048.133,61.32
Girth Weld,6620.0,24026.84,24088.376,61.54
Girth Weld,6630.0,24066.88,24128.366,61.49
Girth Weld,6640.0,24106.91,24168.537,61.63
Girth Weld,6650.0,24143.42,24204.98,61.56
Girth Weld,6660.0,24183.46,24245.138,61.68
Girth Weld,6670.0,24223.56,24285.141,61.58
Girth Weld,6680.0,24263.6,24325.315,61.72
Girth Weld,6690.0,24303.7,24365.289,61.59
Girth Weld,6700.0,24343.73,24405.482,61.75
Girth Weld,6710.0,24383.79,24445.453,61.66
Girth Weld,6720.0,24423.79,24485.676,61.89
Girth Weld,6730.0,24463.97,24525.876,61.91
Girth Weld,6740.0,24504.11,24566.076,61.97
Girth Weld,6750.0,24544.21,24606.037,61.83
Girth Weld,6760.0,24584.28,24646.214,61.93
Girth Weld,6770.0,24612.39,24674.259,61.87
Girth Weld,6780.0,24652.48,24714.432,61.95
Girth Weld,6790.0,24692.46,24754.462,62.0
Girth Weld,6800.0,24732.51,24794.544,62.03
Girth Weld,6810.0,24772.63,24834.629,62.0
Girth Weld,6820.0,24812.63,24874.948,62.32
Girth Weld,6830.0,24852.74,24914.977,62.24
Girth Weld,6840.0,24892.75,24955.056,62.31
Girth Weld,6850.0,24932.96,24995.154,62.19
Girth Weld,6860.0,24973.03,25035.354,62.32
Girth Weld,6870.0,25012.89,25075.272,62.38
Girth Weld,6880.0,25052.82,25115.646,62.83
Girth Weld,6890.0,25085.55,25148.422,62.87
Girth Weld,6900.0,25125.46,25188.773,63.31
Girth Weld,6910.0,25165.46,25228.845,63.39
Girth Weld,6920.0,25205.48,25269.094,63.61
Girth Weld,6930.0,25245.51,25309.049,63.54
Girth Weld,6940.0,25285.57,25349.222,63.65
Girth Weld,6950.0,25325.67,25389.255,63.59
Girth Weld,6960.0,25365.71,25429.442,63.73
Girth Weld,6970.0,25405.72,25469.482,63.76
Girth Weld,6980.0,25445.68,25509.58,63.9
Girth Weld,6990.0,25485.89,25549.806,63.92
Girth Weld,7000.0,25526.07,25590.069,64.0
Girth Weld,7010.0,25546.04,25610.066,64.03
Girth Weld,7020.0,25586.31,25650.246,63.94
Girth Weld,7030.0,25600.29,25664.085,63.79
Girth Weld,7040.0,25640.19,25704.199,64.01
Girth Weld,7050.0,25668.0,25732.031,64.03
Girth Weld,7060.0,25708.1,25772.169,64.07
Girth Weld,7070.0,25745.74,25809.865,64.12
Girth Weld,7080.0,25785.81,25849.915,64.1
Girth Weld,7090.0,25815.49,25879.652,64.16
Girth Weld,7100.0,25825.05,25889.111,64.06
Girth Weld,7110.0,25865.25,25929.35,64.1
Girth Weld,7120.0,25874.03,25938.816,64.79
Girth Weld,7130.0,25914.31,25978.783,64.47
Girth Weld,7140.0,25954.33,26018.94,64.61
Girth Weld,7150.0,25994.38,26059.127,64.75
Girth Weld,7160.0,26034.38,26099.104,64.72
Girth Weld,7170.0,26074.44,26139.163,64.72
Agm,7170.0,26084.38,26573.524,489.14
Girth Weld,7180.0,26114.54,26179.347,64.81
Girth Weld,7190.0,26134.55,26199.364,64.81
Girth Weld,7200.0,26174.57,26239.472,64.9
Girth Weld,7210.0,26214.75,26279.806,65.06
Girth Weld,7220.0,26254.77,26319.885,65.11
Girth Weld,7230.0,26294.84,26359.849,65.01
Girth Weld,7240.0,26334.9,26400.03,65.13
Girth Weld,7250.0,26374.97,26440.066,65.1
Girth Weld,7260.0,26415.02,26480.318,65.3
Girth Weld,7270.0,26455.08,26520.279,65.2
Girth Weld,7280.0,26495.15,26560.463,65.31
Girth Weld,7290.0,26535.07,26600.354,65.28
Girth Weld,7300.0,26575.04,26640.564,65.52
Girth Weld,7310.0,26615.09,26680.515,65.42
Girth Weld,7320.0,26655.11,26720.741,65.63
Girth Weld,7330.0,26695.13,26760.755,65.62
Girth Weld,7340.0,26735.04,26800.899,65.86
Girth Weld,7350.0,26775.18,26840.971,65.79
Girth Weld,7360.0,26815.26,26881.309,66.05
Girth Weld,7370.0,26827.65,26893.704,66.05
Girth Weld,7380.0,26867.78,26933.855,66.08
Girth Weld,7390.0,26908.0,26974.15,66.15
Girth Weld,7400.0,26930.83,26996.867,66.04
Girth Weld,7410.0,26971.0,27037.129,66.13
Girth Weld,7420.0,26984.21,27051.175,66.97
Girth Weld,7430.0,27014.39,27081.063,66.67
Girth Weld,7440.0,27045.83,27112.526,66.7
Girth Weld,7450.0,27085.94,27152.654,66.71
Girth Weld,7460.0,27126.08,27192.841,66.76
Girth Weld,7470.0,27166.22,27232.884,66.66
Girth Weld,7480.0,27206.28,27273.094,66.81
Girth Weld,7490.0,27246.37,27313.1,66.73
Girth Weld,7500.0,27286.32,27353.373,67.05
Girth Weld,7510.0,27315.6,27382.664,67.06
Girth Weld,7520.0,27355.59,27422.858,67.27
Girth Weld,7530.0,27395.57,27462.792,67.22
Girth Weld,7540.0,27435.57,27503.012,67.44
Girth Weld,7550.0,27475.59,27542.949,67.36
Girth Weld,7560.0,27515.59,27583.114,67.52
Girth Weld,7570.0,27555.63,27623.094,67.46
Girth Weld,7580.0,27595.59,27663.232,67.64
Girth Weld,7590.0,27635.56,27703.15,67.59
Girth Weld,7600.0,27675.6,27743.392,67.79
Girth Weld,7610.0,27715.69,27783.412,67.72
Girth Weld,7620.0,27755.92,27823.727,67.81
Girth Weld,7630.0,27795.98,27863.727,67.75
Girth Weld,7640.0,27836.17,27904.039,67.87
Girth Weld,7650.0,27876.26,27944.032,67.77
Girth Weld,7660.0,27916.34,27984.327,67.99
Girth Weld,7670.0,27956.49,28024.469,67.98
Girth Weld,7680.0,27996.44,28064.56,68.12
Girth Weld,7690.0,28009.13,28077.89,68.76
Girth Weld,7700.0,28049.45,28118.156,68.71
Girth Weld,7710.0,28089.41,28158.589,69.18
Girth Weld,7720.0,28109.97,28179.085,69.11
Girth Weld,7730.0,28150.03,28219.288,69.26
Girth Weld,7740.0,28190.06,28259.262,69.2
Girth Weld,7750.0,28230.12,28299.38,69.26
Girth Weld,7760.0,28262.74,28332.001,69.26
Girth Weld,7770.0,28302.86,28372.228,69.37
Girth Weld,7780.0,28335.76,28405.059,69.3
Girth Weld,7790.0,28375.79,28445.233,69.44
Girth Weld,7800.0,28415.95,28485.338,69.39
Girth Weld,7810.0,28456.0,28525.548,69.55
Girth Weld,7820.0,28496.11,28565.564,69.45
Girth Weld,7830.0,28536.1,28605.728,69.63
Girth Weld,7840.0,28576.12,28645.817,69.7
Girth Weld,7850.0,28616.19,28685.971,69.78
Girth Weld,7860.0,28656.3,28725.997,69.7
Girth Weld,7870.0,28696.36,28766.171,69.81
Girth Weld,7880.0,28736.28,28806.04,69.76
Girth Weld,7890.0,28776.33,28846.335,70.0
Girth Weld,7900.0,28816.42,28886.401,69.98
Agm,7900.0,28845.3,29234.918,389.62
Girth Weld,7910.0,28856.46,28926.644,70.18
Girth Weld,7920.0,28896.56,28966.644,70.08
Girth Weld,7930.0,28936.66,29006.903,70.24
Girth Weld,7940.0,28976.83,29046.962,70.13
Girth Weld,7950.0,29016.91,29087.208,70.3
Girth Weld,7960.0,29056.98,29127.192,70.21
Girth Weld,7970.0,29097.07,29167.47,70.4
Girth Weld,7980.0,29130.47,29200.768,70.3
Girth Weld,7990.0,29170.51,29241.02,70.51
Girth Weld,8000.0,29210.59,29281.037,70.45
Girth Weld,8010.0,29250.55,29321.132,70.58
Girth Weld,8020.0,29290.63,29361.171,70.54
Girth Weld,8030.0,29330.67,29401.348,70.68
Girth Weld,8040.0,29370.81,29441.391,70.58
Girth Weld,8050.0,29411.06,29481.663,70.6
Girth Weld,8060.0,29451.25,29521.759,70.51
Girth Weld,8070.0,29491.31,29562.11,70.8
Girth Weld,8080.0,29531.38,29602.119,70.74
Girth Weld,8090.0,29571.42,29642.339,70.92
Girth Weld,8100.0,29611.46,29682.343,70.88
Girth Weld,8110.0,29651.51,29722.543,71.03
Girth Weld,8120.0,29689.14,29760.151,71.01
Girth Weld,8130.0,29729.52,29800.643,71.12
Girth Weld,8140.0,29741.31,29812.9,71.59
Girth Weld,8150.0,29781.95,29853.15,71.2
Girth Weld,8160.0,29802.06,29873.353,71.29
Girth Weld,8170.0,29836.38,29907.654,71.27
Girth Weld,8180.0,29876.45,29947.933,71.48
Girth Weld,8190.0,29916.51,29987.966,71.46
Girth Weld,8200.0,29956.58,30028.199,71.62
Girth Weld,8210.0,29996.58,30068.255,71.67
Girth Weld,8220.0,30036.57,30108.399,71.83
Girth Weld,8230.0,30076.64,30148.409,71.77
Girth Weld,8240.0,30116.69,30188.629,71.94
Girth Weld,8250.0,30156.79,30228.645,71.85
Girth Weld,8260.0,30196.67,30268.77,72.1
Girth Weld,8270.0,30236.76,30308.78,72.02
Girth Weld,8280.0,30276.76,30348.97,72.21
Girth Weld,8290.0,30316.75,30389.003,72.25
Girth Weld,8300.0,30356.68,30429.203,72.52
Girth Weld,8310.0,30396.72,30469.216,72.5
Girth Weld,8320.0,30436.78,30509.518,72.74
Girth Weld,8330.0,30476.86,30549.567,72.71
Girth Weld,8340.0,30516.92,30589.836,72.92
Girth Weld,8350.0,30556.99,30629.826,72.84
Girth Weld,8360.0,30596.93,30670.069,73.14
Girth Weld,8370.0,30637.0,30710.131,73.13
Girth Weld,8380.0,30677.04,30750.285,73.24
Girth Weld,8390.0,30717.13,30790.335,73.2
Girth Weld,8400.0,30757.13,30830.574,73.44
Girth Weld,8410.0,30786.03,30859.37,73.34
Girth Weld,8420.0,30821.53,30895.007,73.48
Girth Weld,8430.0,30858.27,30931.631,73.36
Girth Weld,8440.0,30898.42,30971.788,73.37
Girth Weld,8450.0,30908.8,30982.776,73.98
Girth Weld,8460.0,30930.8,31004.288,73.49
Girth Weld,8470.0,30970.98,31044.495,73.51
Girth Weld,8480.0,30981.41,31055.404,73.99
Girth Weld,8490.0,31015.52,31089.108,73.59
Girth Weld,8500.0,31055.59,31129.291,73.7
Girth Weld,8510.0,31095.71,31169.347,73.64
Girth Weld,8520.0,31135.83,31209.551,73.72
Girth Weld,8530.0,31176.03,31249.652,73.62
Girth Weld,8540.0,31216.18,31289.872,73.69
Girth Weld,8550.0,31256.11,31329.747,73.64
Girth Weld,8560.0,31296.16,31369.964,73.8
Girth Weld,8570.0,31336.28,31410.01,73.73
Girth Weld,8580.0,31371.76,31445.584,73.82
Girth Weld,8590.0,31411.76,31485.587,73.83
Girth Weld,8600.0,31451.83,31525.751,73.92
Girth Weld,8610.0,31491.95,31565.758,73.81
Girth Weld,8620.0,31532.04,31605.889,73.85
Girth Weld,8630.0,31541.83,31615.623,73.79
Girth Weld,8640.0,31550.78,31625.236,74.46
Girth Weld,8650.0,31557.24,31631.427,74.19
Girth Weld,8660.0,31597.28,31671.604,74.32
Agm,8660.0,31600.89,31675.184,74.29
Girth Weld,8670.0,31613.37,31687.585,74.22
Girth Weld,8680.0,31622.71,31697.313,74.6
Girth Weld,8690.0,31633.87,31708.291,74.42
Girth Weld,8700.0,31655.05,31729.511,74.46
Girth Weld,8710.0,31695.07,31769.583,74.51
Girth Weld,8720.0,31705.7,31780.121,74.42
Girth Weld,8730.0,31730.57,31805.174,74.6
Girth Weld,8740.0,31741.13,31815.758,74.63
Girth Weld,8750.0,31781.14,31855.837,74.7
Girth Weld,8760.0,31789.8,31864.373,74.57
Girth Weld,8770.0,31829.88,31904.626,74.75
Girth Weld,8780.0,31868.13,31942.972,74.84
Girth Weld,8790.0,31882.23,31957.11,74.88
Girth Weld,8800.0,31922.4,31997.411,75.01
Girth Weld,8810.0,31934.11,32009.163,75.05
Girth Weld,8820.0,31974.18,32049.268,75.09
Girth Weld,8830.0,31991.04,32066.115,75.08
Girth Weld,8840.0,32031.09,32106.325,75.24
Girth Weld,8850.0,32071.17,32146.519,75.35
Girth Weld,8860.0,32083.36,32158.773,75.41
Girth Weld,8870.0,32123.41,32198.845,75.44
Girth Weld,8880.0,32129.69,32205.085,75.4
Girth Weld,8890.0,32169.75,32245.164,75.41
Girth Weld,8900.0,32209.69,32285.387,75.7
Girth Weld,8910.0,32229.07,32304.836,75.77
Girth Weld,8920.0,32268.96,32344.787,75.83
Girth Weld,8930.0,32308.95,32384.888,75.94
Girth Weld,8940.0,32323.65,32399.498,75.85
Girth Weld,8950.0,32355.79,32431.621,75.83
Girth Weld,8960.0,32366.54,32443.189,76.65
Girth Weld,8970.0,32400.8,32477.119,76.32
Girth Weld,8980.0,32410.9,32487.907,77.01
Girth Weld,8990.0,32421.74,32498.386,76.65
Girth Weld,9000.0,32461.84,32538.451,76.61
Girth Weld,9010.0,32471.41,32548.701,77.29
Girth Weld,9020.0,32494.74,32571.854,77.11
Girth Weld,9030.0,32534.72,32611.89,77.17
Girth Weld,9040.0,32564.18,32641.44,77.26
Girth Weld,9050.0,32604.02,32681.391,77.37
Girth Weld,9060.0,32644.07,32721.493,77.42
Girth Weld,9070.0,32684.08,32761.453,77.37
Girth Weld,9080.0,32692.2,32769.455,77.26
Girth Weld,9090.0,32700.88,32778.878,78.0
Girth Weld,9100.0,32740.03,32817.808,77.78
Girth Weld,9110.0,32780.19,32858.14,77.95
Girth Weld,9120.0,32820.11,32898.071,77.96
Girth Weld,9130.0,32852.12,32930.302,78.18
Girth Weld,9140.0,32882.53,32960.751,78.22
Girth Weld,9150.0,32922.36,33000.797,78.44
Girth Weld,9160.0,32962.17,33040.823,78.65
Girth Weld,9170.0,33002.05,33080.971,78.92
Girth Weld,9180.0,33042.07,33121.119,79.05
Girth Weld,9190.0,33082.04,33161.253,79.21
Girth Weld,9200.0,33122.06,33201.247,79.19
Girth Weld,9210.0,33162.11,33241.496,79.39
Girth Weld,9220.0,33202.15,33281.601,79.45
Girth Weld,9230.0,33242.18,33321.775,79.6
Girth Weld,9240.0,33282.17,33361.893,79.72
Girth Weld,9250.0,33322.18,33402.024,79.84
Girth Weld,9260.0,33362.23,33442.024,79.79
Girth Weld,9270.0,33401.66,33481.617,79.96
Girth Weld,9280.0,33441.67,33521.657,79.99
Girth Weld,9290.0,33481.73,33561.916,80.19
Girth Weld,9300.0,33521.75,33601.926,80.18
Girth Weld,9310.0,33561.84,33642.159,80.32
Girth Weld,9320.0,33601.93,33682.27,80.34
Girth Weld,9330.0,33641.83,33722.411,80.58
Girth Weld,9340.0,33681.8,33762.352,80.55
Girth Weld,9350.0,33721.75,33802.53,80.78
Girth Weld,9360.0,33761.78,33842.536,80.76
Girth Weld,9370.0,33801.85,33882.89,81.04
Girth Weld,9380.0,33826.65,33907.72,81.07
Girth Weld,9390.0,33866.72,33947.933,81.21
Girth Weld,9400.0,33906.84,33988.009,81.17
Girth Weld,9410.0,33946.93,34028.199,81.27
Girth Weld,9420.0,33987.05,34068.268,81.22
Girth Weld,9430.0,34027.19,34108.556,81.37
Girth Weld,9440.0,34067.3,34148.638,81.34
Girth Weld,9450.0,34107.43,34188.855,81.43
Girth Weld,9460.0,34147.51,34228.947,81.44
Girth Weld,9470.0,34187.65,34269.131,81.48
Girth Weld,9480.0,34227.74,34309.121,81.38
Girth Weld,9490.0,34267.84,34349.357,81.52
Girth Weld,9500.0,34307.96,34389.406,81.45
Girth Weld,9510.0,34348.08,34429.646,81.57
Girth Weld,9520.0,34380.39,34461.969,81.58
Girth Weld,9530.0,34420.43,34502.152,81.72
Girth Weld,9540.0,34460.57,34542.251,81.68
Girth Weld,9550.0,34500.61,34582.47,81.86
Girth Weld,9560.0,34530.51,34612.3,81.79
Girth Weld,9570.0,34570.59,34652.539,81.95
Girth Weld,9580.0,34610.66,34692.579,81.92
Girth Weld,9590.0,34650.35,34732.418,82.07
Girth Weld,9600.0,34690.59,34772.654,82.06
Girth Weld,9610.0,34730.66,34812.884,82.22
Girth Weld,9620.0,34770.73,34852.989,82.26
Girth Weld,9630.0,34810.79,34893.202,82.41
Girth Weld,9640.0,34850.86,34933.264,82.4
Girth Weld,9650.0,34890.95,34973.474,82.52
Girth Weld,9660.0,34930.98,35013.579,82.6
Girth Weld,9670.0,34971.09,35053.809,82.72
Girth Weld,9680.0,35011.22,35093.917,82.7
Girth Weld,9690.0,35051.44,35134.377,82.94
Girth Weld,9700.0,35078.89,35161.854,82.96
Girth Weld,9710.0,35118.91,35202.011,83.1
Girth Weld,9720.0,35158.92,35242.162,83.24
Girth Weld,9730.0,35198.99,35282.293,83.3
Girth Weld,9740.0,35239.07,35322.297,83.23
Girth Weld,9750.0,35279.3,35362.73,83.43
Girth Weld,9760.0,35319.37,35402.838,83.47
Girth Weld,9770.0,35359.46,35443.035,83.58
Girth Weld,9780.0,35399.57,35483.071,83.5
Girth Weld,9790.0,35439.64,35523.31,83.67
Girth Weld,9800.0,35443.69,35527.188,83.5
Girth Weld,9810.0,35483.61,35567.451,83.84
Girth Weld,9820.0,35487.68,35571.473,83.79
Girth Weld,9830.0,35527.67,35611.427,83.76
Girth Weld,9840.0,35554.93,35638.783,83.85
Girth Weld,9850.0,35595.0,35678.809,83.81
Girth Weld,9860.0,35634.99,35718.976,83.99
Girth Weld,9870.0,35675.02,35758.957,83.94
Girth Weld,9880.0,35715.04,35799.193,84.15
Girth Weld,9890.0,35755.13,35839.252,84.12
Girth Weld,9900.0,35795.19,35879.475,84.28
Girth Weld,9910.0,35835.21,35919.501,84.29
Girth Weld,9920.0,35875.25,35959.738,84.49
Girth Weld,9930.0,35915.28,35999.76,84.48
Girth Weld,9940.0,35955.32,36040.0,84.68
Girth Weld,9950.0,35995.37,36080.01,84.64
Girth Weld,9960.0,36035.4,36120.256,84.86
Girth Weld,9970.0,36075.4,36160.289,84.89
Girth Weld,9980.0,36115.4,36200.505,85.1
Girth Weld,9990.0,36155.42,36240.489,85.07
Girth Weld,10000.0,36195.43,36280.745,85.32
Girth Weld,10010.0,36235.3,36320.653,85.35
Girth Weld,10020.0,36275.38,36360.814,85.43
Girth Weld,10030.0,36315.25,36400.709,85.46
Girth Weld,10040.0,36355.29,36440.879,85.59
Girth Weld,10050.0,36395.33,36480.932,85.6
Girth Weld,10060.0,36435.4,36521.175,85.78
Girth Weld,10070.0,36475.42,36561.198,85.78
Girth Weld,10080.0,36515.6,36601.631,86.03
Girth Weld,10090.0,36555.63,36641.634,86.0
Girth Weld,10100.0,36595.7,36681.847,86.15
Girth Weld,10110.0,36635.75,36721.86,86.11
Girth Weld,10120.0,36675.78,36762.077,86.3
Girth Weld,10130.0,36715.72,36802.047,86.33
Girth Weld,10140.0,36755.77,36842.247,86.48
Girth Weld,10150.0,36795.82,36882.306,86.49
Girth Weld,10160.0,36835.78,36922.411,86.63
Girth Weld,10170.0,36875.25,36961.847,86.6
Girth Weld,10180.0,36915.31,37002.08,86.77
Girth Weld,10190.0,36938.46,37025.157,86.7
Girth Weld,10200.0,36978.65,37065.417,86.77
Girth Weld,10210.0,36987.19,37074.426,87.24
Girth Weld,10220.0,36993.73,37080.509,86.78
Agm,10220.0,36994.95,37079.373,84.42
Girth Weld,10230.0,37031.8,37118.547,86.75
Girth Weld,10240.0,37071.86,37158.819,86.96
Girth Weld,10250.0,37111.88,37198.822,86.94
Girth Weld,10260.0,37151.6,37238.701,87.1
Girth Weld,10270.0,37158.67,37245.614,86.94
Girth Weld,10280.0,37166.54,37254.075,87.53
Girth Weld,10290.0,37178.28,37265.436,87.16
Girth Weld,10300.0,37212.34,37299.491,87.15
Girth Weld,10310.0,37252.48,37339.718,87.24
Girth Weld,10320.0,37292.62,37379.938,87.32
Girth Weld,10330.0,37332.78,37420.246,87.47
Girth Weld,10340.0,37372.91,37460.423,87.51
Girth Weld,10350.0,37402.01,37489.58,87.57
Girth Weld,10360.0,37429.69,37517.316,87.63
Girth Weld,10370.0,37469.69,37557.546,87.86
Girth Weld,10380.0,37503.68,37591.339,87.66
Girth Weld,10390.0,37512.34,37600.725,88.39
Girth Weld,10400.0,37552.97,37640.869,87.9
Girth Weld,10410.0,37592.52,37680.482,87.96
Girth Weld,10420.0,37629.51,37717.379,87.87
Girth Weld,10430.0,37640.54,37729.072,88.53
Girth Weld,10440.0,37649.5,37737.789,88.29
Girth Weld,10450.0,37689.58,37777.802,88.22
Girth Weld,10460.0,37727.81,37816.23,88.42
Girth Weld,10470.0,37767.92,37856.227,88.31
Girth Weld,10480.0,37808.01,37896.47,88.46
Girth Weld,10490.0,37848.13,37936.473,88.34
Girth Weld,10500.0,37888.2,37976.713,88.51
Girth Weld,10510.0,37928.4,38016.788,88.39
Girth Weld,10520.0,37968.41,38056.982,88.57
Girth Weld,10530.0,38006.65,38095.312,88.66
Girth Weld,10540.0,38046.21,38135.043,88.83
Girth Weld,10550.0,38086.25,38175.01,88.76
Girth Weld,10560.0,38126.28,38215.217,88.94
Girth Weld,10570.0,38166.35,38255.253,88.9
Girth Weld,10580.0,38206.46,38295.509,89.05
Girth Weld,10590.0,38246.49,38335.522,89.03
Girth Weld,10600.0,38286.53,38375.738,89.21
Girth Weld,10610.0,38294.94,38384.045,89.1
Girth Weld,10620.0,38335.03,38424.272,89.24
Girth Weld,10630.0,38375.14,38464.285,89.15
Girth Weld,10640.0,38410.21,38499.564,89.35
Girth Weld,10650.0,38450.29,38539.58,89.29
Girth Weld,10660.0,38490.36,38579.816,89.46
Girth Weld,10670.0,38530.47,38619.849,89.38
Girth Weld,10680.0,38570.01,38659.541,89.53
Girth Weld,10690.0,38610.06,38699.541,89.48
Agm,10690.0,38614.14,38700.0,85.86
Girth Weld,10700.0,38650.08,38739.721,89.64
Girth Weld,10710.0,38690.09,38779.718,89.63
Girth Weld,10720.0,38730.26,38820.013,89.75
Girth Weld,10730.0,38770.29,38860.154,89.86
Girth Weld,10740.0,38810.24,38900.246,90.01
Girth Weld,10750.0,38850.28,38940.551,90.27
Girth Weld,10760.0,38890.3,38980.528,90.23
Girth Weld,10770.0,38930.33,39020.676,90.35
Girth Weld,10780.0,38970.38,39060.741,90.36
Girth Weld,10790.0,39010.42,39100.978,90.56
Girth Weld,10800.0,39050.26,39141.178,90.92
Girth Weld,10810.0,39057.63,39148.484,90.85
Girth Weld,10820.0,39097.66,39188.773,91.11
Girth Weld,10830.0,39137.61,39228.894,91.28
Girth Weld,10840.0,39177.57,39269.055,91.49
Girth Weld,10850.0,39206.2,39297.762,91.56
Girth Weld,10860.0,39246.19,39337.818,91.63
Girth Weld,10870.0,39286.35,39377.9,91.55
Girth Weld,10880.0,39302.45,39394.137,91.69
Girth Weld,10890.0,39342.55,39434.206,91.66
Girth Weld,10900.0,39353.74,39446.309,92.57
Girth Weld,10910.0,39362.25,39454.222,91.97
Girth Weld,10920.0,39373.55,39466.027,92.48
Girth Weld,10930.0,39396.95,39488.97,92.02
Girth Weld,10940.0,39426.13,39518.1,91.97
Girth Weld,10950.0,39466.11,39558.163,92.05
Girth Weld,10960.0,39506.16,39598.369,92.21
Girth Weld,10970.0,39542.28,39634.36,92.08
Girth Weld,10980.0,39551.34,39644.154,92.81
Girth Weld,10990.0,39592.06,39684.531,92.47
Girth Weld,11000.0,39614.43,39706.903,92.47
Girth Weld,11010.0,39654.64,39747.126,92.49
Girth Weld,11020.0,39691.9,39784.37,92.47
Girth Weld,11030.0,39701.69,39794.856,93.17
Girth Weld,11040.0,39734.03,39826.742,92.71
Girth Weld,11050.0,39768.01,39860.732,92.72
Girth Weld,11060.0,39808.08,39900.984,92.9
Girth Weld,11070.0,39825.67,39918.392,92.72
Girth Weld,11080.0,39833.98,39927.356,93.38
Girth Weld,11090.0,39840.32,39933.488,93.17
Girth Weld,11100.0,39870.3,39963.481,93.18
Girth Weld,11110.0,39894.99,39988.084,93.09
Girth Weld,11120.0,39932.53,40025.817,93.29
Girth Weld,11130.0,39972.6,40065.84,93.24
Girth Weld,11140.0,40012.65,40106.093,93.44
Girth Weld,11150.0,40052.7,40146.063,93.36
Girth Weld,11160.0,40092.71,40186.224,93.51
Agm,11160.0,40114.67,40196.444,81.77
Girth Weld,11170.0,40132.67,40226.296,93.63
Girth Weld,11180.0,40172.76,40266.529,93.77
Girth Weld,11190.0,40212.83,40306.539,93.71
Girth Weld,11200.0,40252.94,40346.755,93.81
Girth Weld,11210.0,40293.06,40386.795,93.74
Girth Weld,11220.0,40333.22,40427.07,93.85
Girth Weld,11230.0,40373.34,40467.096,93.76
Girth Weld,11240.0,40413.43,40507.306,93.88
Girth Weld,11250.0,40453.15,40546.942,93.79
Girth Weld,11260.0,40493.28,40587.221,93.94
Girth Weld,11270.0,40533.31,40627.201,93.89
Girth Weld,11280.0,40573.39,40667.434,94.04
Girth Weld,11290.0,40613.46,40707.585,94.12
Girth Weld,11300.0,40653.54,40747.828,94.29
Girth Weld,11310.0,40693.57,40787.995,94.43
Girth Weld,11320.0,40733.61,40828.163,94.55
Girth Weld,11330.0,40741.62,40836.663,95.04
Girth Weld,11340.0,40752.36,40846.883,94.52
Girth Weld,11350.0,40762.44,40857.395,94.95
Girth Weld,11360.0,40802.97,40897.566,94.6
Girth Weld,11370.0,40824.91,40919.675,94.76
Girth Weld,11380.0,40864.83,40959.797,94.97
Girth Weld,11390.0,40894.01,40989.252,95.24
Girth Weld,11400.0,40934.06,41029.288,95.23
Girth Weld,11410.0,40974.17,41069.498,95.33
Girth Weld,11420.0,41014.25,41109.495,95.25
Girth Weld,11430.0,41054.38,41149.718,95.34
Girth Weld,11440.0,41094.39,41189.646,95.26
Girth Weld,11450.0,41134.46,41229.882,95.42
Girth Weld,11460.0,41174.52,41269.964,95.44
Girth Weld,11470.0,41210.73,41306.299,95.57
Girth Weld,11480.0,41250.77,41346.316,95.55
Girth Weld,11490.0,41290.83,41386.539,95.71
Girth Weld,11500.0,41330.92,41426.565,95.65
Girth Weld,11510.0,41371.02,41466.768,95.75
Girth Weld,11520.0,41411.11,41506.785,95.68
Girth Weld,11530.0,41451.18,41547.093,95.91
Girth Weld,11540.0,41490.6,41586.45,95.85
Girth Weld,11550.0,41530.68,41626.686,96.01
Girth Weld,11560.0,41570.76,41666.821,96.06
Girth Weld,11570.0,41610.83,41707.08,96.25
Girth Weld,11580.0,41650.82,41747.041,96.22
Girth Weld,11590.0,41690.92,41787.349,96.43
Girth Weld,11600.0,41730.9,41827.536,96.64
Girth Weld,11610.0,41744.11,41840.945,96.83
Girth Weld,11620.0,41770.93,41867.881,96.95
Girth Weld,11630.0,41811.06,41907.972,96.91
Girth Weld,11640.0,41851.22,41948.373,97.15
Girth Weld,11650.0,41891.05,41988.163,97.11
Girth Weld,11660.0,41931.07,42028.402,97.33
Girth Weld,11670.0,41971.16,42068.406,97.25
Girth Weld,11680.0,42011.22,42108.655,97.43
Girth Weld,11690.0,42051.27,42148.638,97.37
Girth Weld,11700.0,42091.21,42188.855,97.65
Girth Weld,11710.0,42131.19,42228.848,97.66
Girth Weld,11720.0,42171.26,42269.173,97.91
Girth Weld,11730.0,42211.27,42309.229,97.96
Girth Weld,11740.0,42251.5,42349.573,98.07
Girth Weld,11750.0,42291.63,42389.659,98.03
Girth Weld,11760.0,42331.79,42429.793,98.0
Girth Weld,11770.0,42340.93,42439.724,98.79
Agm,11770.0,42347.46,42412.674,65.21
Girth Weld,11780.0,42364.76,42463.173,98.41
Girth Weld,11790.0,42404.84,42503.363,98.52
Girth Weld,11800.0,42444.96,42543.419,98.46
Girth Weld,11810.0,42485.12,42583.73,98.61
Girth Weld,11820.0,42525.19,42623.78,98.59
Girth Weld,11830.0,42534.56,42633.225,98.67
Girth Weld,11840.0,42574.72,42673.422,98.7
Girth Weld,11850.0,42614.97,42713.694,98.72
Girth Weld,11860.0,42655.0,42753.717,98.72
Girth Weld,11870.0,42694.97,42793.868,98.9
Girth Weld,11880.0,42735.03,42833.796,98.77
Girth Weld,11890.0,42775.12,42874.085,98.96
Girth Weld,11900.0,42815.11,42914.111,99.0
Girth Weld,11910.0,42855.19,42954.498,99.31
Girth Weld,11920.0,42895.13,42994.501,99.37
Girth Weld,11930.0,42935.16,43034.803,99.64
Girth Weld,11940.0,42975.2,43074.872,99.67
Girth Weld,11950.0,43002.72,43102.507,99.79
Girth Weld,11960.0,43023.01,43122.815,99.81
Girth Weld,11970.0,43063.05,43162.766,99.72
Girth Weld,11980.0,43103.13,43203.009,99.88
Girth Weld,11990.0,43143.07,43242.881,99.81
Girth Weld,12000.0,43172.44,43272.388,99.95
Girth Weld,12010.0,43179.12,43279.006,99.89
Girth Weld,12020.0,43219.12,43319.098,99.98
Girth Weld,12030.0,43238.9,43338.848,99.95
Girth Weld,12040.0,43248.85,43349.472,100.62
Girth Weld,12050.0,43284.79,43385.226,100.44
Girth Weld,12060.0,43324.93,43425.308,100.38
Girth Weld,12070.0,43364.96,43465.607,100.65
Girth Weld,12080.0,43404.96,43505.541,100.58
Girth Weld,12090.0,43445.07,43545.784,100.71
Girth Weld,12100.0,43485.18,43585.778,100.6
Girth Weld,12110.0,43525.21,43626.073,100.86
Girth Weld,12120.0,43565.27,43666.198,100.93
Girth Weld,12130.0,43585.88,43687.014,101.13
Girth Weld,12140.0,43626.03,43727.051,101.02
Girth Weld,12150.0,43666.13,43767.293,101.16
Girth Weld,12160.0,43705.68,43806.709,101.03
Girth Weld,12170.0,43745.88,43847.083,101.2
Girth Weld,12180.0,43785.98,43887.257,101.28
Girth Weld,12190.0,43814.0,43915.486,101.49
Girth Weld,12200.0,43854.11,43955.489,101.38
Girth Weld,12210.0,43894.19,43995.837,101.65
Girth Weld,12220.0,43934.18,44035.86,101.68
Girth Weld,12230.0,43974.21,44076.188,101.98
Girth Weld,12240.0,44014.1,44116.001,101.9
Girth Weld,12250.0,44054.38,44156.375,102.0
Girth Weld,12260.0,44094.45,44196.473,102.02
Girth Weld,12270.0,44125.63,44227.779,102.15
Girth Weld,12280.0,44165.64,44267.753,102.11
Girth Weld,12290.0,44205.6,44307.923,102.32
Girth Weld,12300.0,44245.65,44347.913,102.26
Girth Weld,12310.0,44285.73,44388.107,102.38
Girth Weld,12320.0,44325.79,44428.11,102.32
Girth Weld,12330.0,44365.86,44468.301,102.44
Girth Weld,12340.0,44405.93,44508.294,102.36
Girth Weld,12350.0,44445.98,44548.468,102.49
Girth Weld,12360.0,44486.05,44588.51,102.46
Girth Weld,12370.0,44526.14,44628.711,102.57
Girth Weld,12380.0,44566.22,44668.714,102.49
Girth Weld,12390.0,44606.29,44708.963,102.67
Girth Weld,12400.0,44629.55,44732.096,102.55
Girth Weld,12410.0,44669.66,44772.375,102.71
Girth Weld,12420.0,44709.74,44812.392,102.65
Girth Weld,12430.0,44748.75,44851.624,102.87
Girth Weld,12440.0,44788.82,44891.89,103.07
Girth Weld,12450.0,44828.89,44932.093,103.2
Girth Weld,12460.0,44868.95,44972.073,103.12
Girth Weld,12470.0,44909.02,45012.346,103.33
Girth Weld,12480.0,44948.89,45052.169,103.28
Girth Weld,12490.0,44988.84,45092.28,103.44
Girth Weld,12500.0,45028.93,45132.297,103.37
Girth Weld,12510.0,45069.09,45172.726,103.64
Girth Weld,12520.0,45109.23,45212.943,103.71
Agm,12520.0,45141.18,45393.415,252.24
Girth Weld,12530.0,45149.27,45253.13,103.86
Girth Weld,12540.0,45182.34,45286.247,103.91
Girth Weld,12550.0,45204.55,45308.468,103.92
Girth Weld,12560.0,45244.73,45348.944,104.21
Girth Weld,12570.0,45251.43,45355.571,104.14
Girth Weld,12580.0,45291.71,45395.935,104.22
Girth Weld,12590.0,45331.8,45436.007,104.21
Girth Weld,12600.0,45371.88,45476.224,104.34
Girth Weld,12610.0,45411.96,45516.24,104.28
Girth Weld,12620.0,45452.0,45556.457,104.46
Girth Weld,12630.0,45492.04,45596.47,104.43
Girth Weld,12640.0,45532.1,45636.736,104.64
Girth Weld,12650.0,45572.1,45676.788,104.69
Girth Weld,12660.0,45612.3,45717.08,104.78
Girth Weld,12670.0,45620.49,45725.804,105.31
Girth Weld,12680.0,45660.91,45765.86,104.95
Girth Weld,12690.0,45682.2,45787.283,105.08
Girth Weld,12700.0,45722.26,45827.356,105.1
Girth Weld,12710.0,45747.8,45853.064,105.26
Girth Weld,12720.0,45787.83,45893.071,105.24
Girth Weld,12730.0,45813.06,45918.471,105.41
Girth Weld,12740.0,45853.08,45958.442,105.36
Girth Weld,12750.0,45893.11,45998.717,105.61
Girth Weld,12760.0,45911.58,46017.087,105.51
Girth Weld,12770.0,45951.67,46057.365,105.69
Girth Weld,12780.0,45983.47,46089.18,105.71
Girth Weld,12790.0,46023.58,46129.498,105.92
Girth Weld,12800.0,46063.76,46169.646,105.89
Girth Weld,12810.0,46103.99,46209.925,105.94
Girth Weld,12820.0,46144.13,46250.046,105.92
Girth Weld,12830.0,46184.25,46290.249,106.0
Girth Weld,12840.0,46224.4,46330.417,106.02
Girth Weld,12850.0,46264.57,46370.781,106.21
Girth Weld,12860.0,46304.71,46410.961,106.25
Girth Weld,12870.0,46344.8,46451.142,106.34
Girth Weld,12880.0,46384.73,46491.06,106.33
Girth Weld,12890.0,46424.88,46531.302,106.42
Girth Weld,12900.0,46465.03,46571.437,106.41
Girth Weld,12910.0,46505.1,46611.617,106.52
Girth Weld,12920.0,46526.65,46633.091,106.44
Girth Weld,12930.0,46566.77,46673.264,106.49
Girth Weld,12940.0,46596.26,46702.697,106.44
Girth Weld,12950.0,46636.3,46742.904,106.6
Girth Weld,12960.0,46657.97,46764.587,106.62
Girth Weld,12970.0,46697.95,46804.859,106.91
Girth Weld,12980.0,46731.02,46837.864,106.84
Girth Weld,12990.0,46771.17,46878.054,106.88
Girth Weld,13000.0,46781.15,46888.435,107.28
Girth Weld,13010.0,46821.75,46928.609,106.86
Girth Weld,13020.0,46838.0,46944.97,106.97
Girth Weld,13030.0,46878.0,46985.102,107.1
Girth Weld,13040.0,46918.12,47025.351,107.23
Girth Weld,13050.0,46958.16,47065.436,107.28
Girth Weld,13060.0,46998.08,47105.604,107.52
Girth Weld,13070.0,47038.12,47145.597,107.48
Girth Weld,13080.0,47077.49,47185.164,107.67
Girth Weld,13090.0,47117.56,47225.233,107.67
Girth Weld,13100.0,47157.67,47265.663,107.99
Girth Weld,13110.0,47197.76,47305.748,107.99
Girth Weld,13120.0,47231.72,47339.911,108.19
Girth Weld,13130.0,47234.98,47343.022,108.04
Girth Weld,13140.0,47242.81,47351.526,108.72
Girth Weld,13150.0,47283.3,47391.726,108.43
Girth Weld,13160.0,47311.55,47420.066,108.52
Girth Weld,13170.0,47318.72,47427.244,108.52
Girth Weld,13180.0,47330.44,47439.012,108.57
Girth Weld,13190.0,47340.4,47448.944,108.54
Girth Weld,13200.0,47361.45,47469.957,108.51
Girth Weld,13210.0,47401.55,47510.279,108.73
Girth Weld,13220.0,47441.59,47550.417,108.83
Girth Weld,13230.0,47481.51,47590.535,109.03
Girth Weld,13240.0,47521.58,47630.561,108.98
Girth Weld,13250.0,47561.68,47670.804,109.12
Girth Weld,13260.0,47584.55,47693.615,109.06
Girth Weld,13270.0,47624.63,47733.862,109.23
Girth Weld,13280.0,47664.68,47773.855,109.18
Girth Weld,13290.0,47704.06,47813.399,109.34
Girth Weld,13300.0,47726.21,47835.558,109.35
Girth Weld,13310.0,47762.38,47871.778,109.4
Girth Weld,13320.0,47770.02,47879.882,109.86
Girth Weld,13330.0,47780.2,47889.921,109.72
Girth Weld,13340.0,47820.32,47930.079,109.76
Girth Weld,13350.0,47860.35,47970.289,109.94
Agm,13350.0,47872.31,47970.974,98.66
Girth Weld,13360.0,47900.35,48010.279,109.93
Girth Weld,13370.0,47940.4,48050.486,110.09
Girth Weld,13380.0,47980.45,48090.492,110.04
Girth Weld,13390.0,48020.49,48130.679,110.19
Girth Weld,13400.0,48060.57,48170.715,110.14
Girth Weld,13410.0,48100.65,48210.896,110.25
Girth Weld,13420.0,48111.62,48221.949,110.33
Girth Weld,13430.0,48127.52,48237.897,110.38
Girth Weld,13440.0,48167.51,48277.858,110.35
Girth Weld,13450.0,48180.54,48290.971,110.43
Girth Weld,13460.0,48220.7,48331.178,110.48
Girth Weld,13470.0,48260.89,48371.375,110.49
Girth Weld,13480.0,48301.0,48411.473,110.47
Girth Weld,13490.0,48341.03,48451.765,110.74
Girth Weld,13500.0,48381.05,48491.844,110.79
Girth Weld,13510.0,48421.1,48532.09,110.99
Girth Weld,13520.0,48461.19,48572.274,111.08
Girth Weld,13530.0,48501.24,48612.569,111.33
Girth Weld,13540.0,48541.15,48652.543,111.39
Girth Weld,13550.0,48581.16,48692.743,111.58
Girth Weld,13560.0,48589.45,48700.856,111.41
Girth Weld,13570.0,48600.28,48712.569,112.29
Girth Weld,13580.0,48608.15,48719.961,111.81
Girth Weld,13590.0,48619.03,48731.335,112.31
Girth Weld,13600.0,48646.6,48758.389,111.79
Girth Weld,13610.0,48657.57,48769.875,112.31
Girth Weld,13620.0,48667.51,48779.137,111.63
Girth Weld,13630.0,48676.48,48788.825,112.34
Girth Weld,13640.0,48691.46,48803.57,112.11
Girth Weld,13650.0,48731.61,48843.783,112.17
Girth Weld,13660.0,48771.71,48884.075,112.36
Girth Weld,13670.0,48811.75,48924.137,112.39
Girth Weld,13680.0,48851.68,48964.242,112.56
Girth Weld,13690.0,48871.7,48984.18,112.48
Girth Weld,13700.0,48881.37,48994.426,113.06
Girth Weld,13710.0,48910.66,49023.504,112.84
Girth Weld,13720.0,48950.49,49063.497,113.01
Girth Weld,13730.0,48990.55,49103.701,113.15
Girth Weld,13740.0,49030.58,49143.737,113.16
Girth Weld,13750.0,49070.6,49183.924,113.32
Girth Weld,13760.0,49110.63,49223.894,113.26
Girth Weld,13770.0,49150.64,49264.111,113.47
Girth Weld,13780.0,49190.72,49304.104,113.38
Girth Weld,13790.0,49208.33,49321.854,113.52
Girth Weld,13800.0,49248.45,49361.995,113.55
Girth Weld,13810.0,49288.55,49402.139,113.59
Girth Weld,13820.0,49328.63,49442.119,113.49
Girth Weld,13830.0,49368.73,49482.405,113.67
Girth Weld,13840.0,49408.57,49522.169,113.6
Girth Weld,13850.0,49448.71,49562.48,113.77
Girth Weld,13860.0,49488.82,49602.493,113.67
Girth Weld,13870.0,49528.66,49642.47,113.81
Girth Weld,13880.0,49568.8,49682.582,113.78
Girth Weld,13890.0,49608.95,49722.762,113.81
Girth Weld,13900.0,49647.91,49761.591,113.68
Girth Weld,13910.0,49688.01,49801.831,113.82
Girth Weld,13920.0,49728.14,49841.857,113.72
Girth Weld,13930.0,49768.24,49882.07,113.83
Girth Weld,13940.0,49808.28,49922.07,113.79
Girth Weld,13950.0,49848.31,49962.254,113.94
Girth Weld,13960.0,49888.33,50002.333,114.0
Girth Weld,13970.0,49928.34,50042.546,114.21
Girth Weld,13980.0,49968.41,50082.671,114.26
Girth Weld,13990.0,50008.49,50122.808,114.32
Girth Weld,14000.0,50048.62,50162.838,114.22
Girth Weld,14010.0,50088.73,50203.123,114.39
Girth Weld,14020.0,50128.81,50243.176,114.37
Girth Weld,14030.0,50168.85,50283.425,114.58
Girth Weld,14040.0,50209.02,50323.579,114.56
Girth Weld,14050.0,50249.06,50363.737,114.68
Girth Weld,14060.0,50258.72,50373.99,115.27
Girth Weld,14070.0,50299.26,50414.15,114.89
Girth Weld,14080.0,50316.17,50431.161,114.99
Girth Weld,14090.0,50356.17,50471.247,115.08
Girth Weld,14100.0,50396.23,50511.522,115.29
Girth Weld,14110.0,50436.3,50551.522,115.22
Girth Weld,14120.0,50476.38,50591.759,115.38
Girth Weld,14130.0,50512.74,50627.999,115.26
Girth Weld,14140.0,50552.77,50668.199,115.43
Girth Weld,14150.0,50592.86,50708.192,115.33
Girth Weld,14160.0,50632.76,50748.179,115.42
Girth Weld,14170.0,50672.84,50788.291,115.45
Girth Weld,14180.0,50712.88,50828.33,115.45
Girth Weld,14190.0,50752.92,50868.376,115.46
Girth Weld,14200.0,50793.0,50908.586,115.59
Girth Weld,14210.0,50833.08,50948.632,115.55
Girth Weld,14220.0,50873.18,50988.835,115.65
Girth Weld,14230.0,50913.22,51028.93,115.71
Girth Weld,14240.0,50953.27,51069.022,115.75
Girth Weld,14250.0,50992.77,51108.468,115.7
Girth Weld,14260.0,51032.76,51148.645,115.88
Girth Weld,14270.0,51072.79,51188.76,115.97
Girth Weld,14280.0,51112.86,51228.963,116.1
Girth Weld,14290.0,51153.01,51269.003,115.99
Girth Weld,14300.0,51192.91,51309.101,116.19
Girth Weld,14310.0,51231.84,51347.992,116.15
Girth Weld,14320.0,51272.06,51388.333,116.27
Girth Weld,14330.0,51279.3,51396.024,116.72
Girth Weld,14340.0,51293.06,51409.514,116.45
Girth Weld,14350.0,51305.52,51422.74,117.22
Girth Weld,14360.0,51316.52,51433.127,116.61
Girth Weld,14370.0,51323.75,51440.774,117.02
Girth Weld,14380.0,51364.16,51480.965,116.8
Girth Weld,14390.0,51403.48,51520.443,116.96
Girth Weld,14400.0,51414.32,51531.332,117.01
Girth Weld,14410.0,51446.15,51563.104,116.95
Girth Weld,14420.0,51475.73,51592.753,117.02
Girth Weld,14430.0,51486.22,51603.261,117.04
Girth Weld,14440.0,51526.3,51643.278,116.98
Girth Weld,14450.0,51566.55,51683.609,117.06
Girth Weld,14460.0,51606.81,51723.999,117.19
Girth Weld,14470.0,51618.37,51736.322,117.95
Girth Weld,14480.0,51658.78,51776.411,117.63
Girth Weld,14490.0,51677.3,51795.003,117.7
Girth Weld,14500.0,51690.38,51808.117,117.74
Girth Weld,14510.0,51716.94,51834.672,117.73
Girth Weld,14520.0,51756.55,51874.629,118.08
Girth Weld,14530.0,51776.45,51894.459,118.01
Girth Weld,14540.0,51804.66,51922.805,118.14
Girth Weld,14550.0,51844.58,51962.736,118.16
Girth Weld,14560.0,51876.58,51994.951,118.37
Girth Weld,14570.0,51916.65,52035.066,118.42
Girth Weld,14580.0,51949.59,52068.081,118.49
Girth Weld,14590.0,51973.11,52091.591,118.48
Girth Weld,14600.0,52013.14,52131.795,118.65
Girth Weld,14610.0,52053.14,52171.844,118.7
Girth Weld,14620.0,52093.15,52212.073,118.92
Girth Weld,14630.0,52133.21,52252.1,118.89
Girth Weld,14640.0,52173.21,52292.372,119.16
Girth Weld,14650.0,52213.09,52332.32,119.23
Girth Weld,14660.0,52253.12,52372.487,119.37
Girth Weld,14670.0,52293.16,52412.608,119.45
Girth Weld,14680.0,52333.22,52452.779,119.56
Girth Weld,14690.0,52373.33,52492.828,119.5
Girth Weld,14700.0,52413.34,52533.018,119.68
Girth Weld,14710.0,52453.44,52573.071,119.63
Girth Weld,14720.0,52493.41,52613.196,119.79
Girth Weld,14730.0,52533.44,52653.209,119.77
Girth Weld,14740.0,52573.54,52693.412,119.87
Girth Weld,14750.0,52613.65,52733.419,119.77
Girth Weld,14760.0,52653.72,52773.638,119.92
Girth Weld,14770.0,52693.86,52813.724,119.86
Girth Weld,14780.0,52734.02,52854.085,120.07
Girth Weld,14790.0,52774.13,52894.127,120.0
Girth Weld,14800.0,52814.26,52934.488,120.23
Girth Weld,14810.0,52854.29,52974.56,120.27
Girth Weld,14820.0,52872.77,52993.146,120.38
Girth Weld,14830.0,52912.86,53033.173,120.31
Girth Weld,14840.0,52952.94,53073.386,120.45
Girth Weld,14850.0,52993.05,53113.402,120.35
Girth Weld,14860.0,53033.14,53153.625,120.49
Girth Weld,14870.0,53073.16,53193.658,120.5
Agm,14870.0,53075.12,53191.106,115.99
Girth Weld,14880.0,53113.1,53233.524,120.42
Girth Weld,14890.0,53153.04,53273.494,120.45
Girth Weld,14900.0,53193.04,53313.675,120.64
Girth Weld,14910.0,53233.15,53353.809,120.66
Girth Weld,14920.0,53273.25,53393.967,120.72
Girth Weld,14930.0,53313.21,53434.111,120.9
Girth Weld,14940.0,53353.16,53474.393,121.23
Girth Weld,14950.0,53393.05,53514.524,121.47
Girth Weld,14960.0,53433.03,53554.905,121.88
Girth Weld,14970.0,53473.11,53594.97,121.86
Girth Weld,14980.0,53513.23,53635.207,121.98
Girth Weld,14990.0,53553.31,53675.256,121.95
Girth Weld,15000.0,53593.33,53715.367,122.04
Girth Weld,15010.0,53624.64,53746.601,121.96
Girth Weld,15020.0,53664.76,53786.995,122.24
Girth Weld,15030.0,53704.87,53827.159,122.29
Girth Weld,15040.0,53744.92,53867.448,122.53
Girth Weld,15050.0,53784.83,53907.52,122.69
Girth Weld,15060.0,53824.87,53947.628,122.76
Girth Weld,15070.0,53857.3,53980.079,122.78
Girth Weld,15080.0,53897.3,54020.312,123.01
Girth Weld,15090.0,53937.23,54060.463,123.23
Girth Weld,15100.0,53977.19,54100.689,123.5
Girth Weld,15110.0,54017.23,54140.853,123.62
Girth Weld,15120.0,54057.24,54180.932,123.69
Girth Weld,15130.0,54097.31,54221.145,123.83
Girth Weld,15140.0,54128.69,54252.398,123.71
Girth Weld,15150.0,54169.01,54292.717,123.71
Girth Weld,15160.0,54182.66,54307.146,124.49
Girth Weld,15170.0,54223.22,54347.395,124.17
Girth Weld,15180.0,54263.5,54387.72,124.22
Girth Weld,15190.0,54271.75,54395.902,124.15
Girth Weld,15200.0,54311.78,54436.191,124.41
Girth Weld,15210.0,54351.73,54476.339,124.61
Girth Weld,15220.0,54391.73,54516.65,124.92
Girth Weld,15230.0,54431.77,54556.686,124.92
Girth Weld,15240.0,54471.81,54596.932,125.12
Girth Weld,15250.0,54506.26,54631.325,125.06
Girth Weld,15260.0,54546.23,54671.512,125.28
Girth Weld,15270.0,54586.36,54711.621,125.26
Girth Weld,15280.0,54626.62,54751.949,125.33
Girth Weld,15290.0,54658.12,54783.422,125.3
Girth Weld,15300.0,54698.17,54823.681,125.51
Girth Weld,15310.0,54738.18,54863.678,125.5
Girth Weld,15320.0,54778.15,54903.878,125.73
Girth Weld,15330.0,54818.17,54943.95,125.78
Girth Weld,15340.0,54858.16,54984.134,125.97
Girth Weld,15350.0,54898.13,55024.173,126.04
Girth Weld,15360.0,54938.17,55064.409,126.24
Girth Weld,15370.0,54978.24,55104.491,126.25
Girth Weld,15380.0,55018.26,55144.587,126.33
Girth Weld,15390.0,55058.33,55184.583,126.25
Girth Weld,15400.0,55098.37,55224.829,126.46
Girth Weld,15410.0,55138.46,55264.944,126.48
Girth Weld,15420.0,55178.55,55305.108,126.56
Girth Weld,15430.0,55218.69,55345.21,126.52
Girth Weld,15440.0,55258.75,55385.381,126.63
Girth Weld,15450.0,55298.87,55425.42,126.55
Girth Weld,15460.0,55338.95,55465.597,126.65
Girth Weld,15470.0,55379.05,55505.636,126.59
Girth Weld,15480.0,55418.96,55545.715,126.75
Agm,15480.0,55432.17,55557.575,125.4
Girth Weld,15490.0,55459.07,55585.774,126.7
Girth Weld,15500.0,55499.09,55625.955,126.87
Girth Weld,15510.0,55539.13,55665.971,126.84
Girth Weld,15520.0,55579.22,55706.188,126.97
Girth Weld,15530.0,55619.31,55746.266,126.96
Girth Weld,15540.0,55659.37,55786.444,127.07
Girth Weld,15550.0,55699.46,55826.457,127.0
Girth Weld,15560.0,55732.54,55859.685,127.14
Tap,15560.0,55754.38,55881.614,127.23
Girth Weld,15570.0,55772.66,55899.685,127.02
Girth Weld,15580.0,55812.69,55939.908,127.22
Girth Weld,15590.0,55852.76,55979.928,127.17
Girth Weld,15600.0,55892.78,56020.092,127.31
Girth Weld,15610.0,55928.92,56056.168,127.25
Girth Weld,15620.0,55969.11,56096.539,127.43
Girth Weld,15630.0,56009.28,56136.601,127.32
Girth Weld,15640.0,56037.52,56165.098,127.58
Girth Weld,15650.0,56077.59,56205.184,127.59
Girth Weld,15660.0,56108.1,56235.81,127.71
Girth Weld,15670.0,56148.14,56275.856,127.72
Girth Weld,15680.0,56174.46,56302.293,127.83
Girth Weld,15690.0,56214.55,56342.402,127.85
Girth Weld,15700.0,56236.1,56364.111,128.01
Girth Weld,15710.0,56276.0,56404.219,128.22
Girth Weld,15720.0,56299.49,56427.904,128.41
Girth Weld,15730.0,56339.53,56467.923,128.39
Girth Weld,15740.0,56359.77,56488.271,128.5
Girth Weld,15750.0,56398.71,56527.188,128.48
Girth Weld,15760.0,56419.81,56548.337,128.53
Girth Weld,15770.0,56459.87,56588.524,128.65
Girth Weld,15780.0,56479.32,56608.15,128.83
Girth Weld,15790.0,56519.4,56648.317,128.92
Girth Weld,15800.0,56539.39,56668.455,129.07
Girth Weld,15810.0,56579.43,56708.432,129.0
Girth Weld,15820.0,56604.87,56734.029,129.16
Girth Weld,15830.0,56635.21,56764.318,129.11
Girth Weld,15840.0,56664.53,56793.707,129.18
Girth Weld,15850.0,56704.56,56833.556,129.0
Girth Weld,15860.0,56736.3,56865.272,128.97
Girth Weld,15870.0,56751.52,56880.758,129.24
Girth Weld,15880.0,56792.12,56920.971,128.85
Girth Weld,15890.0,56809.56,56938.504,128.94
Girth Weld,15900.0,56849.78,56978.638,128.86
Girth Weld,15910.0,56889.91,57019.022,129.11
Girth Weld,15920.0,56929.97,57058.986,129.02
Girth Weld,15930.0,56947.14,57076.266,129.13
Girth Weld,15940.0,56965.61,57094.76,129.15
Girth Weld,15950.0,56971.73,57100.869,129.14
Girth Weld,15960.0,57011.76,57140.866,129.11
Girth Weld,15970.0,57027.92,57157.172,129.25
Girth Weld,15980.0,57035.44,57164.774,129.33
Girth Weld,15990.0,57075.61,57204.77,129.16
Girth Weld,16000.0,57110.89,57240.203,129.31
Girth Weld,16010.0,57121.12,57250.614,129.49
Girth Weld,16020.0,57138.04,57267.254,129.21
Girth Weld,16030.0,57178.03,57307.441,129.41
Girth Weld,16040.0,57199.96,57329.662,129.7
Area Start Casing,16040.0,57205.77,57335.344,129.57
Girth Weld,16050.0,57216.7,57346.355,129.66
Area End Casing,16050.0,57217.8,57347.51,129.71
Girth Weld,16060.0,57231.15,57361.03,129.88
Girth Weld,16070.0,57271.34,57401.083,129.74
Girth Weld,16080.0,57277.14,57406.903,129.76
Girth Weld,16090.0,57282.14,57411.821,129.68
Tee,16100.0,57302.01,57431.778,129.77
Tap,16110.0,57310.67,57425.741,115.07
Tap,16110.0,57311.04,57440.768,129.73
Valve,16110.0,57312.38,57442.454,130.07
Tap,16110.0,57313.67,57441.145,127.47
Tap,16110.0,57314.16,57443.937,129.78
Tap,16110.0,57315.86,57444.272,128.41
